ssc_issue_key,title,factor,ssc_severity,feasibility_category,proposed_test_method,exact_observation_or_evidence,proposed_rule_logic,required_executor,required_external_data,authoritative_reference_type,authoritative_reference,implementation_complexity,confidence,notes,current_platform_support
browser_logs_contain_debug_message,Browser logs contain debug messages,application_security,low,DIRECTLY_TESTABLE,Render an approved representative URL set in an instrumented headless browser and capture console events without submitting forms.,"URL, browser version, timestamp, console level, message hash, source URL and line; redact values matching secret patterns.",Finding when a production page emits debug/error console events matching the approved debug or sensitive-disclosure policy; require repeatability on two loads.,BROWSER,None,OWASP WSTG,https://wstg.owasp.org/latest/4-Web_Application_Security_Testing/01-Information_Gathering/05-Review_Web_Page_Content_for_Information_Leakage/,MEDIUM,MEDIUM,Page coverage must be declared; do not infer SSC collection scope.,NOT_SUPPORTED
communication_server_with_expired_cert,Server with Expired Certificate Contacted,application_security,low,TESTABLE_WITH_ENRICHMENT,"Render approved pages, inventory contacted HTTPS origins, and use a direct TLS handshake only for separately authorized dependencies; use approved passive certificate evidence for out-of-scope origins.","Parent page URL, dependency origin, browser TLS error, certificate chain hash, notAfter, validation time, scope decision and passive-source provenance when used.",Finding only when the browser contacted the origin and either an authorized handshake or fresh authoritative passive certificate record proves notAfter earlier than observation time; otherwise indeterminate.,BROWSER+TLS+CERT_ENRICHMENT,Approved dependency scope plus passive certificate/CT evidence for out-of-scope origins,IETF PKIX / OWASP WSTG,https://www.rfc-editor.org/rfc/rfc5280.html; https://wstg.owasp.org/latest/4-Web_Application_Security_Testing/11-Client-side/,HIGH,MEDIUM,"Browser dependency discovery is direct, but proving expiry may require data for a third-party origin that the scanner is not authorized to probe.",PARTIAL
communication_with_server_certificate_issued_by_blacklisted_country,Server certificate issued by country on denylist,application_security,low,TESTABLE_WITH_ENRICHMENT,"Build the validated certificate chain, identify issuing CA legal jurisdiction from an approved CA registry, and evaluate an organization-maintained denylist.","Chain DER hashes, issuer identity, registry provenance/version, jurisdiction and policy-list version.",Finding only when the validated issuer jurisdiction is explicitly present in the current internal denylist; unknown jurisdiction is indeterminate.,TLS+POLICY_ENRICHMENT,CA ownership/jurisdiction registry and internal sanctions policy,IETF PKIX / internal policy,https://www.rfc-editor.org/rfc/rfc5280.html,HIGH,MEDIUM,Certificate subject country alone is not reliable issuer jurisdiction.,PARTIAL
contact_information_detected,Non-standard links detected: Contact information displayed,application_security,low,DIRECTLY_TESTABLE,Crawl only approved same-origin pages and parse anchor/DOM URI schemes associated with contact details.,"Page URL, element type, URI scheme and a redacted/hash-only contact value.","Finding when href uses an internal-policy contact scheme (for example mailto, tel, sms, whatsapp or viber); never store the clear contact value.",HTTP_CRAWLER,None,WHATWG URL/HTML + internal privacy policy,https://html.spec.whatwg.org/,MEDIUM,HIGH,"Presence is an exposure observation, not proof of social-engineering risk.",NOT_SUPPORTED
cookie_missing_http_only,Session Cookie Missing 'HttpOnly' Attribute,application_security,high,TESTABLE_WITH_ENRICHMENT,"Collect Set-Cookie headers during an approved synthetic authentication flow and identify session cookies from a reviewed cookie inventory/purpose map; never retain values.","URL, response status, hashed cookie name, authenticated-flow step, session-cookie classification provenance and boolean HttpOnly attribute; value discarded.",Finding when a cookie established as a session/authentication cookie lacks HttpOnly; an unclassified cookie is indeterminate rather than a finding.,HTTP+AUTH_FLOW,Approved synthetic authentication flow and versioned session-cookie inventory/classification,IETF RFC / OWASP Cheat Sheet,https://www.rfc-editor.org/rfc/rfc6265.html; https://cheatsheetseries.owasp.org/cheatsheets/Session_Management_Cheat_Sheet.html,MEDIUM,HIGH,"The attribute is externally visible, but session purpose is not reliably inferable from a cookie name or an unauthenticated response.",PARTIAL
cookie_missing_secure_attribute,Session Cookie Missing 'Secure' Attribute,application_security,high,TESTABLE_WITH_ENRICHMENT,"Collect Set-Cookie headers during an approved synthetic authentication flow and identify session cookies from a reviewed cookie inventory/purpose map; never retain values.","URL, response status, hashed cookie name, authenticated-flow step, session-cookie classification provenance and boolean Secure attribute; value discarded.",Finding when a cookie established as a session/authentication cookie lacks Secure; an unclassified cookie is indeterminate rather than a finding.,HTTP+AUTH_FLOW,Approved synthetic authentication flow and versioned session-cookie inventory/classification,IETF RFC / OWASP Cheat Sheet,https://www.rfc-editor.org/rfc/rfc6265.html; https://cheatsheetseries.owasp.org/cheatsheets/Session_Management_Cheat_Sheet.html,MEDIUM,HIGH,"The attribute is externally visible, but session purpose is not reliably inferable from a cookie name or an unauthenticated response.",PARTIAL
csp_no_policy_v2,Content Security Policy (CSP) Missing,application_security,low,DIRECTLY_TESTABLE,"Fetch approved HTML pages, collect all CSP headers/meta policies, parse directives according to CSP3, and evaluate the effective policy.","URL, delivery channel, parsed directives, duplicate-policy handling, nonce/hash presence and policy text hash.",Finding when neither an enforced Content-Security-Policy response header nor valid CSP meta policy is present on an HTML document; report-only alone does not satisfy.,HTTP_CRAWLER,None,W3C specification / OWASP WSTG,https://www.w3.org/TR/CSP3/; https://wstg.owasp.org/latest/4-Web_Application_Security_Testing/02-Configuration_and_Deployment_Management/12-Content_Security_Policy/,MEDIUM,HIGH,No attempt is made to infer SSC thresholds.,PARTIAL
csp_too_broad_v2,Content Security Policy Contains Broad Directives,application_security,low,DIRECTLY_TESTABLE,"Fetch approved HTML pages, collect all CSP headers/meta policies, parse directives according to CSP3, and evaluate the effective policy.","URL, delivery channel, parsed directives, duplicate-policy handling, nonce/hash presence and policy text hash.","Finding when effective script-src/object-src/default-src permits wildcard, unscoped scheme sources, data: for active content, or another internal-policy broad source.",HTTP_CRAWLER,None,W3C specification / OWASP WSTG,https://www.w3.org/TR/CSP3/; https://wstg.owasp.org/latest/4-Web_Application_Security_Testing/02-Configuration_and_Deployment_Management/12-Content_Security_Policy/,MEDIUM,HIGH,No attempt is made to infer SSC thresholds.,PARTIAL
csp_unsafe_policy_v2,Content Security Policy Contains 'unsafe-*' Directive,application_security,low,DIRECTLY_TESTABLE,"Fetch approved HTML pages, collect all CSP headers/meta policies, parse directives according to CSP3, and evaluate the effective policy.","URL, delivery channel, parsed directives, duplicate-policy handling, nonce/hash presence and policy text hash.","Finding when effective active-content directives contain 'unsafe-eval', 'unsafe-inline' without nonce/hash controls, or another explicitly disallowed unsafe token.",HTTP_CRAWLER,None,W3C specification / OWASP WSTG,https://www.w3.org/TR/CSP3/; https://wstg.owasp.org/latest/4-Web_Application_Security_Testing/02-Configuration_and_Deployment_Management/12-Content_Security_Policy/,MEDIUM,HIGH,No attempt is made to infer SSC thresholds.,PARTIAL
domain_missing_https_v2,Site does not enforce HTTPS,application_security,low,DIRECTLY_TESTABLE,Probe approved HTTP and HTTPS endpoints and follow only bounded same-target redirects.,"HTTP/HTTPS reachability, redirect hops, final scheme, TLS validation result and tested port/path set.","Finding when HTTP serves content without a permanent upgrade to valid HTTPS, or an approved canonical endpoint remains reachable only by HTTP.",HTTP+TLS,None,IETF RFC / OWASP guidance,https://www.rfc-editor.org/rfc/rfc9110.html; https://www.rfc-editor.org/rfc/rfc6797.html,LOW,HIGH,"Current executor tests root on configured ports but not declared application paths, so support is partial.",PARTIAL
domain_uses_hsts_preloading,Domain Uses HSTS Preloading,application_security,info,TESTABLE_WITH_ENRICHMENT,Validate preload-eligible HSTS policy and test the registrable domain against a versioned Chromium HSTS preload dataset.,"HSTS directives, HTTPS validity, preload-list revision/hash and exact matched domain entry.","Positive observation only when policy has max-age>=31536000, includeSubDomains and preload, and the domain is present in the pinned preload list; otherwise report precise unmet conditions.",HTTP+PUBLIC_DATA,Chromium HSTS preload list snapshot,Vendor documentation / IETF RFC,https://hstspreload.org/; https://www.rfc-editor.org/rfc/rfc6797.html,MEDIUM,HIGH,List membership is time-dependent; persist dataset version.,PARTIAL
exposed_cisco_web_ui,Potentially Exposed Cisco Web UI,application_security,info,TESTABLE_WITH_ENRICHMENT,Fingerprint Cisco IOS XE Web UI without authentication and correlate exact release evidence to Cisco advisories for CVE-2023-20198/CVE-2023-20273.,"HTTP/TLS fingerprint, product/release evidence, advisory revisions and match confidence.","Finding only when the Web UI is exposed and a confirmed affected release is identified; exposure with hidden version is indeterminate, not vulnerable.",HTTP_FINGERPRINT+CVE,Cisco advisory and NVD CVE records,Vendor advisory / NVD,https://nvd.nist.gov/vuln/detail/CVE-2023-20198; https://nvd.nist.gov/vuln/detail/CVE-2023-20273,HIGH,HIGH,No authentication bypass or implant checks.,PARTIAL
fail_to_load_page_components,Site fails to load page components,application_security,low,DIRECTLY_TESTABLE,Render approved pages with a headless browser and capture failed subresource requests after a bounded network-idle window.,"Page URL, resource URL/origin, resource type, failure reason, HTTP status and initiator; query values redacted.","Finding when required script/style/font/image/XHR resources repeatedly fail due to DNS, TLS, network, CSP or HTTP error; ignore explicitly optional/cancelled resources by policy.",BROWSER,None,W3C Fetch / OWASP WSTG,https://fetch.spec.whatwg.org/,HIGH,MEDIUM,Requires a declared page set and stability threshold.,NOT_SUPPORTED
hosted_on_object_storage_v2,Website Hosted on Object Storage,application_security,low,TESTABLE_WITH_ENRICHMENT,"Resolve and inspect the site origin; match DNS aliases, TLS identities and HTTP signatures against a versioned cloud object-storage provider catalog.","Observed hostname/CNAME, certificate SAN/issuer, provider signature, HTTP headers and provider-catalog version.",Finding when at least two independent indicators identify the site origin as object storage; a hostname suffix alone is insufficient.,DNS+HTTP+TLS+FINGERPRINT,Versioned provider endpoint/signature catalog,Vendor security documentation,Cloud-provider object-storage endpoint documentation,MEDIUM,MEDIUM,Provider catalog must be reviewed and versioned.,PARTIAL
hsts_incorrect_v2,Website Does Not Implement HSTS Best Practices,application_security,low,DIRECTLY_TESTABLE,Fetch HTTPS responses and parse Strict-Transport-Security according to RFC 6797 across approved canonical hosts.,"Header values, parse result, max-age, includeSubDomains, preload token, response scheme and host.","Finding when HSTS is absent on HTTPS, invalid/duplicated, max-age below internal minimum, or required includeSubDomains is absent; never honor HSTS received over HTTP.",HTTP,None,IETF RFC,https://www.rfc-editor.org/rfc/rfc6797.html,LOW,HIGH,"Current executor records only presence, not policy correctness.",PARTIAL
insecure_ftp,Non-standard links detected: Unsafe File Transfer Protocol,application_security,medium,DIRECTLY_TESTABLE,Crawl bounded approved same-origin HTML and parse navigable/resource URLs after standards-based URL resolution.,"Source page, element/attribute, resolved destination scheme and redacted destination host/path hash.",Finding when a rendered/static DOM URL uses the ftp: scheme in a context covered by internal policy; do not follow non-HTTP destinations.,HTTP_CRAWLER,None,IETF/WHATWG specification,https://www.rfc-editor.org/rfc/rfc9110.html; https://url.spec.whatwg.org/,MEDIUM,HIGH,Observation is deterministic for the declared crawl; it does not imply SSC crawl equivalence.,NOT_SUPPORTED
insecure_https_redirect_pattern_v2,Insecure HTTPS Redirect Pattern,application_security,low,DIRECTLY_TESTABLE,Issue bounded HEAD/GET requests and resolve Location fields per HTTP semantics while enforcing inventory scope.,"Every hop's URL scheme/host/port/status and Location scheme, plus stop reason.","Finding when HTTPS downgrades to HTTP, redirects oscillate schemes, or HTTP reaches content before upgrade, under the approved redirect policy.",HTTP,None,IETF RFC,https://www.rfc-editor.org/rfc/rfc9110.html,LOW,HIGH,No external redirects are fetched unless separately authorized.,PARTIAL
insecure_server_certificate_key_size,Certificate key is smaller than recommended size,application_security,low,DIRECTLY_TESTABLE,"Perform a TLS handshake, parse the leaf public key algorithm and size/curve, and compare with versioned internal cryptographic policy.","Port, certificate fingerprint, key algorithm, RSA/DSA bit length or EC curve, policy version and observation time.",Finding when the leaf key is below the policy minimum or uses a disallowed algorithm; unknown key types are indeterminate.,TLS,None,NIST guidance / IETF PKIX,https://csrc.nist.gov/pubs/sp/800/52/r2/final; https://www.rfc-editor.org/rfc/rfc5280.html,LOW,HIGH,The current TLS executor records public key bits but not the complete algorithm/curve evidence contract.,PARTIAL
insecure_telnet,Non-standard links detected: Unsafe Telnet protocol,application_security,info,DIRECTLY_TESTABLE,Crawl bounded approved same-origin HTML and parse navigable/resource URLs after standards-based URL resolution.,"Source page, element/attribute, resolved destination scheme and redacted destination host/path hash.",Finding when a rendered/static DOM URL uses the telnet: scheme in a context covered by internal policy; do not follow non-HTTP destinations.,HTTP_CRAWLER,None,IETF/WHATWG specification,https://www.rfc-editor.org/rfc/rfc9110.html; https://url.spec.whatwg.org/,MEDIUM,HIGH,Observation is deterministic for the declared crawl; it does not imply SSC crawl equivalence.,NOT_SUPPORTED
links_to_insecure_website,Site links to insecure websites,application_security,low,DIRECTLY_TESTABLE,Crawl bounded approved same-origin HTML and parse navigable/resource URLs after standards-based URL resolution.,"Source page, element/attribute, resolved destination scheme and redacted destination host/path hash.",Finding when a rendered/static DOM URL uses the http: scheme in a context covered by internal policy; do not follow non-HTTP destinations.,HTTP_CRAWLER,None,IETF/WHATWG specification,https://www.rfc-editor.org/rfc/rfc9110.html; https://url.spec.whatwg.org/,MEDIUM,HIGH,Observation is deterministic for the declared crawl; it does not imply SSC crawl equivalence.,NOT_SUPPORTED
local_file_path_exposed_via_url_scheme,Non-standard links detected: Local file path exposed,application_security,low,DIRECTLY_TESTABLE,Crawl bounded approved same-origin HTML and parse navigable/resource URLs after standards-based URL resolution.,"Source page, element/attribute, resolved destination scheme and redacted destination host/path hash.",Finding when a rendered/static DOM URL uses the file: scheme in a context covered by internal policy; do not follow non-HTTP destinations.,HTTP_CRAWLER,None,IETF/WHATWG specification,https://www.rfc-editor.org/rfc/rfc9110.html; https://url.spec.whatwg.org/,MEDIUM,HIGH,Observation is deterministic for the declared crawl; it does not imply SSC crawl equivalence.,NOT_SUPPORTED
openssl_critical_vulnerability,November 2022 OpenSSL 3.X vulnerability detected,application_security,high,TESTABLE_WITH_ENRICHMENT,"Identify OpenSSL product/version through authenticated inventory, SBOM/package evidence, or a high-confidence service fingerprint; map it to affected ranges for CVE-2022-3602 and CVE-2022-3786.","Product evidence source, exact version, CPE/package identifier, CVE record/advisory versions and match result.",Finding only when exact installed version is inside a vendor/NVD affected range; banner-only ambiguous versions are indeterminate; no exploit payload is sent.,FINGERPRINT+SBOM+CVE,NVD CVE records and vendor advisory,NVD / vendor advisory,https://nvd.nist.gov/vuln/detail/CVE-2022-3602; https://nvd.nist.gov/vuln/detail/CVE-2022-3786,HIGH,HIGH,Generic non-exploit version correlation only.,NOT_SUPPORTED
payment_provider,Website communicates with payment provider,application_security,high,TESTABLE_WITH_ENRICHMENT,Render approved pages and classify contacted origins/forms/scripts against a reviewed payment-provider domain and certificate catalog.,"Page, request/form destination origin, provider identifier, matching indicators and catalog version.",Positive observation when a destination matches an approved provider by validated domain plus TLS/SDK signature; do not capture payment data.,BROWSER+FINGERPRINT,Versioned payment-provider endpoint/SDK catalog,Vendor security documentation / PCI guidance,https://www.pcisecuritystandards.org/document_library/,HIGH,MEDIUM,"This is service-use inventory, not a vulnerability or score-impact assertion.",NOT_SUPPORTED
potentially_vulnerable,Potential vulnerability detected,application_security,info,NOT_REPRODUCIBLE,"Do not implement a detector without a public, testable definition.",No independent deterministic observation has been identified.,Exclude from rule catalog unless a future credible method and evidence contract are approved.,None,None,Undocumented SSC methodology,SSC taxonomy only; no public detection specification identified,HIGH,LOW,"The key/title do not identify a product, CVE, version range, observation, or falsifiable condition. Treating arbitrary exposure as this issue would guess SSC methodology.",NOT_SUPPORTED
potentially_vulnerable_cve_2023_33246,Potentially Vulnerable RocketMQ (CVE-2023-33246),application_security,info,TESTABLE_WITH_ENRICHMENT,"Identify the advertised product and exact version using safe fingerprinting and/or authenticated inventory, then correlate to the affected configurations for CVE-2023-33246.","Endpoint, fingerprint evidence, exact product/version/CPE, confidence, CVE record revision, vendor advisory revision and affected-range result.",Finding only for a high-confidence product/version match inside the authoritative affected range; unknown/hidden versions are indeterminate; do not validate by exploitation.,HTTP/TCP_FINGERPRINT+CVE,"NVD CVE record, CPE dictionary and vendor advisory",NVD / vendor advisory,https://nvd.nist.gov/vuln/detail/CVE-2023-33246; https://csrc.nist.gov/pubs/ir/7695/final,HIGH,HIGH,Generic version correlation; no exploit validation.,PARTIAL
potentially_vulnerable_cve_2023_34362,MOVEit Service in Use (CVE-2023-34362),application_security,info,TESTABLE_WITH_ENRICHMENT,"Identify the advertised product and exact version using safe fingerprinting and/or authenticated inventory, then correlate to the affected configurations for CVE-2023-34362.","Endpoint, fingerprint evidence, exact product/version/CPE, confidence, CVE record revision, vendor advisory revision and affected-range result.",Finding only for a high-confidence product/version match inside the authoritative affected range; unknown/hidden versions are indeterminate; do not validate by exploitation.,HTTP/TCP_FINGERPRINT+CVE,"NVD CVE record, CPE dictionary and vendor advisory",NVD / vendor advisory,https://nvd.nist.gov/vuln/detail/CVE-2023-34362; https://csrc.nist.gov/pubs/ir/7695/final,HIGH,HIGH,Generic version correlation; no exploit validation.,PARTIAL
potentially_vulnerable_cve_2023_3519,Potentially Vulnerable Citrix NetScaler Service Detected,application_security,info,TESTABLE_WITH_ENRICHMENT,"Identify the advertised product and exact version using safe fingerprinting and/or authenticated inventory, then correlate to the affected configurations for CVE-2023-3519.","Endpoint, fingerprint evidence, exact product/version/CPE, confidence, CVE record revision, vendor advisory revision and affected-range result.",Finding only for a high-confidence product/version match inside the authoritative affected range; unknown/hidden versions are indeterminate; do not validate by exploitation.,HTTP/TCP_FINGERPRINT+CVE,"NVD CVE record, CPE dictionary and vendor advisory",NVD / vendor advisory,https://nvd.nist.gov/vuln/detail/CVE-2023-3519; https://csrc.nist.gov/pubs/ir/7695/final,HIGH,HIGH,Generic version correlation; no exploit validation.,PARTIAL
potentially_vulnerable_cve_2023_37582,Potentially Vulnerable RocketMQ (CVE-2023-37582),application_security,info,TESTABLE_WITH_ENRICHMENT,"Identify the advertised product and exact version using safe fingerprinting and/or authenticated inventory, then correlate to the affected configurations for CVE-2023-37582.","Endpoint, fingerprint evidence, exact product/version/CPE, confidence, CVE record revision, vendor advisory revision and affected-range result.",Finding only for a high-confidence product/version match inside the authoritative affected range; unknown/hidden versions are indeterminate; do not validate by exploitation.,HTTP/TCP_FINGERPRINT+CVE,"NVD CVE record, CPE dictionary and vendor advisory",NVD / vendor advisory,https://nvd.nist.gov/vuln/detail/CVE-2023-37582; https://csrc.nist.gov/pubs/ir/7695/final,HIGH,HIGH,Generic version correlation; no exploit validation.,PARTIAL
potentially_vulnerable_cve_2023_37979,Potential Ninja Forms Vulnerability Detected,application_security,info,TESTABLE_WITH_ENRICHMENT,"Identify the advertised product and exact version using safe fingerprinting and/or authenticated inventory, then correlate to the affected configurations for CVE-2023-37979.","Endpoint, fingerprint evidence, exact product/version/CPE, confidence, CVE record revision, vendor advisory revision and affected-range result.",Finding only for a high-confidence product/version match inside the authoritative affected range; unknown/hidden versions are indeterminate; do not validate by exploitation.,HTTP/TCP_FINGERPRINT+CVE,"NVD CVE record, CPE dictionary and vendor advisory",NVD / vendor advisory,https://nvd.nist.gov/vuln/detail/CVE-2023-37979; https://csrc.nist.gov/pubs/ir/7695/final,HIGH,HIGH,Generic version correlation; no exploit validation.,PARTIAL
potentially_vulnerable_cve_2023_38035,Potentially Vulnerable Ivanti Sentry Device Detected,application_security,info,TESTABLE_WITH_ENRICHMENT,"Identify the advertised product and exact version using safe fingerprinting and/or authenticated inventory, then correlate to the affected configurations for CVE-2023-38035.","Endpoint, fingerprint evidence, exact product/version/CPE, confidence, CVE record revision, vendor advisory revision and affected-range result.",Finding only for a high-confidence product/version match inside the authoritative affected range; unknown/hidden versions are indeterminate; do not validate by exploitation.,HTTP/TCP_FINGERPRINT+CVE,"NVD CVE record, CPE dictionary and vendor advisory",NVD / vendor advisory,https://nvd.nist.gov/vuln/detail/CVE-2023-38035; https://csrc.nist.gov/pubs/ir/7695/final,HIGH,HIGH,Generic version correlation; no exploit validation.,PARTIAL
potentially_vulnerable_cve_2023_46747,Potentially vulnerable to BIG-IP Configuration utility vulnerability (CVE-2023-46747),application_security,info,TESTABLE_WITH_ENRICHMENT,"Identify the advertised product and exact version using safe fingerprinting and/or authenticated inventory, then correlate to the affected configurations for CVE-2023-46747.","Endpoint, fingerprint evidence, exact product/version/CPE, confidence, CVE record revision, vendor advisory revision and affected-range result.",Finding only for a high-confidence product/version match inside the authoritative affected range; unknown/hidden versions are indeterminate; do not validate by exploitation.,HTTP/TCP_FINGERPRINT+CVE,"NVD CVE record, CPE dictionary and vendor advisory",NVD / vendor advisory,https://nvd.nist.gov/vuln/detail/CVE-2023-46747; https://csrc.nist.gov/pubs/ir/7695/final,HIGH,HIGH,Generic version correlation; no exploit validation.,PARTIAL
potentially_vulnerable_cve_2024_21887,Potentially Vulnerable Ivanti Connect Secure or Ivanti Policy Secure (CVE-2024-21887),application_security,info,TESTABLE_WITH_ENRICHMENT,"Identify the advertised product and exact version using safe fingerprinting and/or authenticated inventory, then correlate to the affected configurations for CVE-2024-21887.","Endpoint, fingerprint evidence, exact product/version/CPE, confidence, CVE record revision, vendor advisory revision and affected-range result.",Finding only for a high-confidence product/version match inside the authoritative affected range; unknown/hidden versions are indeterminate; do not validate by exploitation.,HTTP/TCP_FINGERPRINT+CVE,"NVD CVE record, CPE dictionary and vendor advisory",NVD / vendor advisory,https://nvd.nist.gov/vuln/detail/CVE-2024-21887; https://csrc.nist.gov/pubs/ir/7695/final,HIGH,HIGH,Generic version correlation; no exploit validation.,PARTIAL
potentially_vulnerable_cve_2024_46805,Potentially Vulnerable Ivanti Connect Secure and Ivanti Policy Secure Gateways (CVE-2023-46805),application_security,info,TESTABLE_WITH_ENRICHMENT,"Identify the advertised product and exact version using safe fingerprinting and/or authenticated inventory, then correlate to the affected configurations for CVE-2023-46805.","Endpoint, fingerprint evidence, exact product/version/CPE, confidence, CVE record revision, vendor advisory revision and affected-range result.",Finding only for a high-confidence product/version match inside the authoritative affected range; unknown/hidden versions are indeterminate; do not validate by exploitation.,HTTP/TCP_FINGERPRINT+CVE,"NVD CVE record, CPE dictionary and vendor advisory",NVD / vendor advisory,https://nvd.nist.gov/vuln/detail/CVE-2023-46805; https://csrc.nist.gov/pubs/ir/7695/final,HIGH,HIGH,Generic version correlation; no exploit validation.,PARTIAL
product_exploited_by_ransomware_actors,Vulnerable VMWare ESXi Server Detected,application_security,high,TESTABLE_WITH_ENRICHMENT,"Identify VMware ESXi and exact version from authenticated inventory or high-confidence management-service fingerprint, then correlate to vendor/NVD advisories and CISA KEV ransomware-use metadata.","Product/version evidence, CPE, exposed service, CVE set, KEV dataset version and ransomware-use flag.",Finding when an affected ESXi version is exposed and mapped to a CVE with authoritative ransomware exploitation evidence; no exploit attempt.,FINGERPRINT+SBOM+CVE+KEV,"VMware advisories, NVD and CISA KEV",Vendor advisory / NVD / CISA,https://www.cisa.gov/known-exploited-vulnerabilities-catalog; https://nvd.nist.gov/,HIGH,MEDIUM,Do not infer ransomware susceptibility from product name alone.,PARTIAL
redirect_chain_contains_http_v2,Redirect Chain Contains HTTP,application_security,medium,DIRECTLY_TESTABLE,Issue bounded HEAD/GET requests and resolve Location fields per HTTP semantics while enforcing inventory scope.,"Every hop's URL scheme/host/port/status and Location scheme, plus stop reason.","Finding when any hop after an HTTPS request, or any Location emitted by an HTTPS hop, resolves to http:.",HTTP,None,IETF RFC,https://www.rfc-editor.org/rfc/rfc9110.html,LOW,HIGH,"The executor records sufficient redirect evidence, but no active rule is linked to this SSC_API issue; support remains partial until the specific condition is evaluated.",PARTIAL
redirect_to_insecure_website,Link redirects to insecure website,application_security,low,TESTABLE_WITH_ENRICHMENT,"Extract links from approved pages, resolve bounded redirect chains only within approved scope, and use an approved passive redirect/URL service for out-of-scope destinations.","Source page and link, every authorized hop's scheme/host/port/status and Location, passive-source provenance for external hops, and stop reason.",Finding when the evidenced terminal destination is HTTP; an unprobed out-of-scope redirect is indeterminate rather than insecure by assumption.,HTTP_CRAWLER+REDIRECT_ENRICHMENT,Approved redirect-target scope or passive redirect intelligence for out-of-scope destinations,IETF RFC / WHATWG URL,https://www.rfc-editor.org/rfc/rfc9110.html; https://url.spec.whatwg.org/,MEDIUM,MEDIUM,"A Location header to an external URL proves only the next hop, not the terminal insecure destination.",PARTIAL
references_object_storage_v2,Website References Object Storage,application_security,medium,TESTABLE_WITH_ENRICHMENT,"Resolve and inspect the page subresource/link destinations; match DNS aliases, TLS identities and HTTP signatures against a versioned cloud object-storage provider catalog.","Observed hostname/CNAME, certificate SAN/issuer, provider signature, HTTP headers and provider-catalog version.",Finding when at least two independent indicators identify the page subresource/link destinations as object storage; a hostname suffix alone is insufficient.,DNS+HTTP+TLS+FINGERPRINT,Versioned provider endpoint/signature catalog,Vendor security documentation,Cloud-provider object-storage endpoint documentation,MEDIUM,MEDIUM,Provider catalog must be reviewed and versioned.,PARTIAL
sensitive_data_exposure_through_insecure_channel,Insecure channel exposes sensitive information,application_security,medium,TESTABLE_WITH_ENRICHMENT,"Use an instrumented browser on an approved synthetic or test-authenticated flow, classify fields from the application's reviewed data schema, and insert only synthetic markers.","Page/request URL, transport scheme, flow step, policy data class, schema provenance, request method and synthetic-marker match; real values never stored.",Finding when a field established as sensitive by policy/schema or a synthetic sensitive marker is transmitted over HTTP/ws or to an insecure destination.,BROWSER+AUTH_FLOW+DATA_POLICY,Approved test flow plus versioned sensitive-data schema/classification policy,OWASP WSTG / internal data-classification policy,https://wstg.owasp.org/latest/4-Web_Application_Security_Testing/06-Session_Management_Testing/04-Testing_for_Exposed_Session_Variables/,HIGH,HIGH,"Field names and input types alone are proxy signals and cannot reliably establish that observed data is sensitive.",NOT_SUPPORTED
server_error,Server error detected,application_security,low,DIRECTLY_TESTABLE,Crawl an approved bounded URL set with safe GET/HEAD requests and record server-side HTTP failures.,"URL, method, status, retry result, response-header hash and timestamp; body omitted except approved diagnostic signature hashes.",Finding when a URL reproducibly returns 5xx (excluding policy-approved maintenance) on two bounded attempts.,HTTP_CRAWLER,None,IETF RFC,https://www.rfc-editor.org/rfc/rfc9110.html,LOW,HIGH,Current executor observes only one representative root response.,PARTIAL
site_emits_browser_log,Site emits visible browser logs,application_security,low,DIRECTLY_TESTABLE,Render an approved representative URL set in an instrumented headless browser and capture console events without submitting forms.,"URL, browser version, timestamp, console level, message hash, source URL and line; redact values matching secret patterns.",Finding when a production page emits debug/error console events matching the approved debug or sensitive-disclosure policy; require repeatability on two loads.,BROWSER,None,OWASP WSTG,https://wstg.owasp.org/latest/4-Web_Application_Security_Testing/01-Information_Gathering/05-Review_Web_Page_Content_for_Information_Leakage/,MEDIUM,MEDIUM,Page coverage must be declared; do not infer SSC collection scope.,NOT_SUPPORTED
site_requests_data_over_insecure_channel,Site requests data over insecure channel,application_security,low,DIRECTLY_TESTABLE,Render approved HTTPS pages and capture browser network requests and mixed-content decisions.,"Parent page, initiator, resource/request URL scheme, resource type, blocked/loaded state and active/passive classification.",Finding when an HTTPS page initiates any policy-covered request over HTTP or ws; report browser-blocked requests separately.,BROWSER,None,W3C Mixed Content,https://www.w3.org/TR/mixed-content/,MEDIUM,HIGH,Do not send form submissions or mutate application state.,NOT_SUPPORTED
unsafe_sri_v2,Unsafe Implementation Of Subresource Integrity,application_security,high,DIRECTLY_TESTABLE,"Parse external script/stylesheet elements, fetch only approved public resources, and validate integrity metadata using the SRI algorithm.","Page/resource URL, crossorigin mode, integrity algorithms/digests, fetch result and recomputed-digest match; resource content not retained.","Finding when policy-required cross-origin active resources lack SRI, use disallowed algorithms, have invalid metadata, or digest verification fails.",HTTP_CRAWLER,None,W3C Recommendation,https://www.w3.org/TR/SRI/,HIGH,HIGH,Bound resource size and origins; no execution required.,NOT_SUPPORTED
uses_go_daddy_managed_wordpress,Website Hosted by GoDaddy’s Wordpress,application_security,info,TESTABLE_WITH_ENRICHMENT,"Correlate DNS/CNAME, TLS, HTTP platform headers and WordPress fingerprints against reviewed GoDaddy Managed WordPress documentation/signatures.","Independent fingerprint indicators, provider/product result, confidence and signature-catalog version.",Positive only when at least two provider/product indicators agree; otherwise indeterminate.,DNS+HTTP+TLS+FINGERPRINT,Versioned vendor fingerprint catalog,Vendor documentation,https://www.godaddy.com/help/managed-wordpress-1000020,MEDIUM,MEDIUM,"Service-use observation, not a vulnerability.",PARTIAL
waf_detected_v2,Web Application Firewall (WAF) Detected,application_security,info,TESTABLE_WITH_ENRICHMENT,Use passive HTTP/TLS/DNS signatures and documented headers to identify a WAF; do not send evasion or attack payloads.,"Header/CNAME/certificate indicators, vendor signature IDs, confidence and catalog version.",Positive when multiple passive indicators meet the versioned fingerprint threshold; generic CDN presence alone is insufficient.,HTTP+DNS+TLS_FINGERPRINT,Versioned vendor documentation/signature catalog,Vendor security documentation,Vendor WAF documentation per detected product,MEDIUM,MEDIUM,No active bypass testing.,PARTIAL
web_vuln_host_high,High Severity Content Management System vulnerabilities identified,application_security,medium,TESTABLE_WITH_ENRICHMENT,"Fingerprint the CMS/core/plugin/theme with exact versions or ingest authenticated inventory, normalize to CPE/package identities, and correlate to current vulnerability records.","CMS component/version evidence, CPE/package ID, CVE record revision, CVSS version/vector/base band and match confidence.",Finding when an identified CMS component version is affected by a CVE whose published CVSS band is high; unknown version is indeterminate and no exploit validation is allowed.,HTTP_FINGERPRINT+SBOM+CVE,NVD/CVE and vendor advisories,NVD / vendor advisory,https://nvd.nist.gov/; https://csrc.nist.gov/pubs/ir/7695/final,HIGH,MEDIUM,"CVSS band is retained as source metadata, not mapped to internal severity or score impact.",PARTIAL
web_vuln_host_low,Low Severity Content Management System vulnerabilities identified,application_security,medium,TESTABLE_WITH_ENRICHMENT,"Fingerprint the CMS/core/plugin/theme with exact versions or ingest authenticated inventory, normalize to CPE/package identities, and correlate to current vulnerability records.","CMS component/version evidence, CPE/package ID, CVE record revision, CVSS version/vector/base band and match confidence.",Finding when an identified CMS component version is affected by a CVE whose published CVSS band is low; unknown version is indeterminate and no exploit validation is allowed.,HTTP_FINGERPRINT+SBOM+CVE,NVD/CVE and vendor advisories,NVD / vendor advisory,https://nvd.nist.gov/; https://csrc.nist.gov/pubs/ir/7695/final,HIGH,MEDIUM,"CVSS band is retained as source metadata, not mapped to internal severity or score impact.",PARTIAL
web_vuln_host_medium,Medium Severity Content Management System vulnerabilities identified,application_security,medium,TESTABLE_WITH_ENRICHMENT,"Fingerprint the CMS/core/plugin/theme with exact versions or ingest authenticated inventory, normalize to CPE/package identities, and correlate to current vulnerability records.","CMS component/version evidence, CPE/package ID, CVE record revision, CVSS version/vector/base band and match confidence.",Finding when an identified CMS component version is affected by a CVE whose published CVSS band is medium; unknown version is indeterminate and no exploit validation is allowed.,HTTP_FINGERPRINT+SBOM+CVE,NVD/CVE and vendor advisories,NVD / vendor advisory,https://nvd.nist.gov/; https://csrc.nist.gov/pubs/ir/7695/final,HIGH,MEDIUM,"CVSS band is retained as source metadata, not mapped to internal severity or score impact.",PARTIAL
web_vuln_host_v3_critical,Critical-Severity CVSS v3.0 Content Management System Vulnerability in Last Observation,application_security,low,TESTABLE_WITH_ENRICHMENT,"Fingerprint the CMS/core/plugin/theme with exact versions or ingest authenticated inventory, normalize to CPE/package identities, and correlate to current vulnerability records.","CMS component/version evidence, CPE/package ID, CVE record revision, CVSS version/vector/base band and match confidence.",Finding when an identified CMS component version is affected by a CVE whose published CVSS band is critical; unknown version is indeterminate and no exploit validation is allowed.,HTTP_FINGERPRINT+SBOM+CVE,NVD/CVE and vendor advisories,NVD / vendor advisory,https://nvd.nist.gov/; https://csrc.nist.gov/pubs/ir/7695/final,HIGH,MEDIUM,"CVSS band is retained as source metadata, not mapped to internal severity or score impact.",PARTIAL
web_vuln_host_v3_high,High-Severity CVSS v3.0 Content Management System Vulnerability in Last Observation,application_security,low,TESTABLE_WITH_ENRICHMENT,"Fingerprint the CMS/core/plugin/theme with exact versions or ingest authenticated inventory, normalize to CPE/package identities, and correlate to current vulnerability records.","CMS component/version evidence, CPE/package ID, CVE record revision, CVSS version/vector/base band and match confidence.",Finding when an identified CMS component version is affected by a CVE whose published CVSS band is high; unknown version is indeterminate and no exploit validation is allowed.,HTTP_FINGERPRINT+SBOM+CVE,NVD/CVE and vendor advisories,NVD / vendor advisory,https://nvd.nist.gov/; https://csrc.nist.gov/pubs/ir/7695/final,HIGH,MEDIUM,"CVSS band is retained as source metadata, not mapped to internal severity or score impact.",PARTIAL
web_vuln_host_v3_low,Low-Severity CVSS v3.0 Content Management System Vulnerability in Last Observation,application_security,low,TESTABLE_WITH_ENRICHMENT,"Fingerprint the CMS/core/plugin/theme with exact versions or ingest authenticated inventory, normalize to CPE/package identities, and correlate to current vulnerability records.","CMS component/version evidence, CPE/package ID, CVE record revision, CVSS version/vector/base band and match confidence.",Finding when an identified CMS component version is affected by a CVE whose published CVSS band is low; unknown version is indeterminate and no exploit validation is allowed.,HTTP_FINGERPRINT+SBOM+CVE,NVD/CVE and vendor advisories,NVD / vendor advisory,https://nvd.nist.gov/; https://csrc.nist.gov/pubs/ir/7695/final,HIGH,MEDIUM,"CVSS band is retained as source metadata, not mapped to internal severity or score impact.",PARTIAL
web_vuln_host_v3_medium,Medium-Severity CVSS v3.0 Content Management System Vulnerability in Last Observation,application_security,low,TESTABLE_WITH_ENRICHMENT,"Fingerprint the CMS/core/plugin/theme with exact versions or ingest authenticated inventory, normalize to CPE/package identities, and correlate to current vulnerability records.","CMS component/version evidence, CPE/package ID, CVE record revision, CVSS version/vector/base band and match confidence.",Finding when an identified CMS component version is affected by a CVE whose published CVSS band is medium; unknown version is indeterminate and no exploit validation is allowed.,HTTP_FINGERPRINT+SBOM+CVE,NVD/CVE and vendor advisories,NVD / vendor advisory,https://nvd.nist.gov/; https://csrc.nist.gov/pubs/ir/7695/final,HIGH,MEDIUM,"CVSS band is retained as source metadata, not mapped to internal severity or score impact.",PARTIAL
webapp_vulnerable_to_spring4shell,Web application potentially vulnerable to Spring4Shell,application_security,low,TESTABLE_WITH_ENRICHMENT,"Identify Java/Spring deployment and exact affected component version through SBOM, package inventory, or high-confidence product fingerprint; correlate to CVE-2022-22965.","Component coordinates/version, deployment preconditions, evidence source, CVE/advisory revision and affected result.",Finding only when version and published vulnerable configuration preconditions are confirmed; do not submit exploit payloads.,SBOM+FINGERPRINT+CVE,Spring vendor advisory / NVD,Vendor advisory / NVD,https://nvd.nist.gov/vuln/detail/CVE-2022-22965,HIGH,HIGH,No exploit validation.,NOT_SUPPORTED
website_copyright_expired,Website Copyright is Not Current,application_security,info,DIRECTLY_TESTABLE,Parse visible footer text on an approved page set for copyright year/range expressions.,"Page URL, matched text hash, parsed start/end years, DOM location and observation year.",Observation when a valid copyright end year is earlier than the current year; no finding when no unambiguous expression exists.,HTTP_CRAWLER,None,Internal content policy,Organization web-content policy,LOW,MEDIUM,"This is a content-hygiene signal, not a security-risk or score-impact inference.",NOT_SUPPORTED
website_copyright_up_to_date,Website copyright is current,application_security,info,DIRECTLY_TESTABLE,Parse visible footer text on an approved page set for copyright year/range expressions.,"Page URL, matched text hash, parsed start/end years, DOM location and observation year.",Observation when a valid copyright end year is equal to or later than the current year; no finding when no unambiguous expression exists.,HTTP_CRAWLER,None,Internal content policy,Organization web-content policy,LOW,MEDIUM,"This is a content-hygiene signal, not a security-risk or score-impact inference.",NOT_SUPPORTED
website_defacement,Website defaced,application_security,info,TESTABLE_WITH_ENRICHMENT,Compare fetched/rendered content against an approved signed baseline using normalized DOM/text/media hashes and known maintenance windows.,"Baseline ID/signature, current hashes, changed regions, screenshot hash, deploy/maintenance context and reviewer disposition.",Finding only for high-distance unauthorized changes confirmed outside an approved deployment window; automated result initially requires review.,HTTP_CRAWLER+BASELINE_DIFF,Signed known-good content baselines and deployment calendar,Internal integrity-monitoring policy,Organization website integrity policy,HIGH,MEDIUM,"Without a trusted local baseline, reliable defacement detection is not possible.",NOT_SUPPORTED
websocket_receives_data,Site receives data over Websockets,application_security,low,DIRECTLY_TESTABLE,Instrument a headless browser during approved non-mutating flows and record WebSocket handshakes plus bounded frame metadata.,"Page, ws/wss URL, origin, direction, opcode, length, field-name hashes/synthetic marker matches and TLS state; payload values discarded.",Positive observation when the browser receives one or more application WebSocket data frames during a safe declared flow.,BROWSER_WEBSOCKET,None,IETF RFC / OWASP WSTG,https://www.rfc-editor.org/rfc/rfc6455.html; https://wstg.owasp.org/latest/4-Web_Application_Security_Testing/11-Client-side/10-WebSockets/,HIGH,MEDIUM,"Use synthetic markers; no fuzzing, authentication attacks or collection of user content.",NOT_SUPPORTED
websocket_requests_contain_sensitive_fields,Websocket requests contain sensitive fields or PII,application_security,high,TESTABLE_WITH_ENRICHMENT,"Instrument a browser during an approved synthetic or test-authenticated flow and classify bounded WebSocket frame fields against the reviewed application data schema.","Page, ws/wss URL, origin, direction, opcode, length, policy data class, schema provenance and synthetic-marker matches; payload values discarded.",Finding when an outbound frame contains a synthetic sensitive marker or a field established as sensitive by the approved schema; a suggestive field name alone is insufficient.,BROWSER_WEBSOCKET+AUTH_FLOW+DATA_POLICY,Approved test flow plus versioned PII/sensitive-field schema,IETF RFC / OWASP WSTG / internal data-classification policy,https://www.rfc-editor.org/rfc/rfc6455.html; https://wstg.owasp.org/latest/4-Web_Application_Security_Testing/11-Client-side/10-WebSockets/,HIGH,HIGH,"Browser execution is necessary but does not establish data sensitivity without application-specific context.",NOT_SUPPORTED
websocket_sends_data,Site may use WebSockets to send user data,application_security,low,DIRECTLY_TESTABLE,Instrument a headless browser during approved non-mutating flows and record WebSocket handshakes plus bounded frame metadata.,"Page, ws/wss URL, origin, direction, opcode, length, field-name hashes/synthetic marker matches and TLS state; payload values discarded.",Positive observation when the browser sends one or more application WebSocket data frames during a safe declared flow.,BROWSER_WEBSOCKET,None,IETF RFC / OWASP WSTG,https://www.rfc-editor.org/rfc/rfc6455.html; https://wstg.owasp.org/latest/4-Web_Application_Security_Testing/11-Client-side/10-WebSockets/,HIGH,MEDIUM,"Use synthetic markers; no fuzzing, authentication attacks or collection of user content.",NOT_SUPPORTED
x_content_type_options_incorrect_v2,Website does not implement X-Content-Type-Options Best Practices,application_security,low,DIRECTLY_TESTABLE,"Fetch approved pages, collect relevant response headers and effective CSP, normalize tokens, and compare to versioned secure-header policy.","URL, status, header values, parsed effective policy and internal policy version.",Finding when X-Content-Type-Options is absent or its normalized value is not exactly nosniff on policy-covered responses.,HTTP_CRAWLER,None,OWASP Secure Headers / W3C CSP,https://owasp.org/www-project-secure-headers/; https://www.w3.org/TR/CSP3/,LOW,HIGH,Current executor records presence but not complete value/effective-policy correctness.,PARTIAL
x_frame_options_incorrect_v2,Site Does Not Use Best Practices Against Embedding of Malicious Content,application_security,low,DIRECTLY_TESTABLE,"Fetch approved pages, collect relevant response headers and effective CSP, normalize tokens, and compare to versioned secure-header policy.","URL, status, header values, parsed effective policy and internal policy version.",Finding when neither an effective CSP frame-ancestors directive nor a valid X-Frame-Options DENY/SAMEORIGIN policy protects a page that is not explicitly frameable.,HTTP_CRAWLER,None,OWASP Secure Headers / W3C CSP,https://owasp.org/www-project-secure-headers/; https://www.w3.org/TR/CSP3/,LOW,HIGH,Current executor records presence but not complete value/effective-policy correctness.,PARTIAL
x_xss_protection_incorrect_v2,Website does not implement X-XSS-Protection Best Practices,application_security,info,TESTABLE_WITH_ENRICHMENT,"Fetch approved pages, collect X-XSS-Protection and CSP, then evaluate only against a versioned browser-estate policy that explicitly defines legacy support expectations.","URL, status, complete header values, effective CSP, browser-support matrix version and policy decision.",Finding only when the organization's approved legacy-browser policy requires a value and the observed value violates that policy; otherwise report informational inventory or not applicable.,HTTP_HEADERS+POLICY_ENRICHMENT,Versioned browser compatibility matrix and internal legacy-header policy,OWASP Secure Headers / W3C CSP,https://owasp.org/www-project-secure-headers/; https://www.w3.org/TR/CSP3/,MEDIUM,MEDIUM,"Major modern browsers removed this feature, while the imported SSC text recommends a legacy value; header presence alone cannot establish current best practice.",PARTIAL
ransomware_association,Ransomware-Susceptible Remote Access Services Exposed,cubit_score,high,TESTABLE_WITH_ENRICHMENT,Detect approved remote-access services with safe protocol fingerprints and correlate identified products/versions to CISA KEV ransomware-use evidence.,"Endpoint/protocol/product/version evidence, CVE IDs, KEV revision, ransomware-use flag and asset exposure.",Finding only when an exposed remote-access service is confidently identified and its affected CVE is authoritatively associated with ransomware; no exploit or login attempt.,PROTOCOL_FINGERPRINT+CVE+KEV,"CISA KEV, NVD/CPE and vendor advisories",CISA / NVD / vendor advisory,https://www.cisa.gov/known-exploited-vulnerabilities-catalog; https://csrc.nist.gov/pubs/ir/7695/final,HIGH,MEDIUM,Independent rule; it does not reproduce SSC Cubit aggregation.,PARTIAL
synth_high_risk_appsec_vulnerabilities,High-Risk Application Security Vulnerabilities,cubit_score,info,NOT_REPRODUCIBLE,"Do not implement a detector without a public, testable definition.",No independent deterministic observation has been identified.,Exclude from rule catalog unless a future credible method and evidence contract are approved.,None,None,Undocumented SSC methodology,SSC taxonomy only; no public detection specification identified,HIGH,LOW,This is an aggregate/synthetic conclusion without a public falsifiable definition. Constituent independently testable observations should remain separate.,NOT_SUPPORTED
synth_possible_initial_access,Possible Initial Access by Threat Actor,cubit_score,info,NOT_REPRODUCIBLE,"Do not implement a detector without a public, testable definition.",No independent deterministic observation has been identified.,Exclude from rule catalog unless a future credible method and evidence contract are approved.,None,None,Undocumented SSC methodology,SSC taxonomy only; no public detection specification identified,HIGH,LOW,This is an aggregate/synthetic conclusion without a public falsifiable definition. Constituent independently testable observations should remain separate.,NOT_SUPPORTED
dkim_insufficient_key_length,Insufficient DKIM Key Length,dns_health,info,TESTABLE_WITH_ENRICHMENT,"Obtain DKIM selectors from organization-approved mail samples or selector inventory, query selector._domainkey TXT, parse keys, and verify the sample signature where available.","Message/source ID without content, d=, s=, a=, DNS TXT hash, key algorithm/size and verification result.",Finding when a selector's RSA public key is below 1024 bits; policy warning below 2048 bits; Ed25519 handled per approved policy.,MAIL_SAMPLE+DNS,Authorized mail sample or managed selector inventory,IETF RFC,https://www.rfc-editor.org/rfc/rfc6376.html; https://www.rfc-editor.org/rfc/rfc8301.html,MEDIUM,HIGH,Selectors are not safely enumerable from DNS alone; never collect message bodies unnecessarily.,NOT_SUPPORTED
dkim_record_detected,DKIM Record Present,dns_health,info,TESTABLE_WITH_ENRICHMENT,"Obtain DKIM selectors from organization-approved mail samples or selector inventory, query selector._domainkey TXT, parse keys, and verify the sample signature where available.","Message/source ID without content, d=, s=, a=, DNS TXT hash, key algorithm/size and verification result.",Positive observation when an authorized message DKIM-Signature identifies a selector and the corresponding selector._domainkey TXT record contains a syntactically valid public key.,MAIL_SAMPLE+DNS,Authorized mail sample or managed selector inventory,IETF RFC,https://www.rfc-editor.org/rfc/rfc6376.html,MEDIUM,HIGH,Selectors are not safely enumerable from DNS alone; never collect message bodies unnecessarily.,NOT_SUPPORTED
dkim_weak_signature,DKIM Record Using Non-Secure Public Key Algorithm,dns_health,info,TESTABLE_WITH_ENRICHMENT,"Obtain DKIM selectors from organization-approved mail samples or selector inventory, query selector._domainkey TXT, parse keys, and verify the sample signature where available.","Message/source ID without content, d=, s=, a=, DNS TXT hash, key algorithm/size and verification result.",Finding when sampled authorized mail uses a= with a disallowed algorithm (including rsa-sha1) or its selected DNS key declares incompatible/weak parameters.,MAIL_SAMPLE+DNS,Authorized mail sample or managed selector inventory,IETF RFC,https://www.rfc-editor.org/rfc/rfc6376.html; https://www.rfc-editor.org/rfc/rfc8301.html,MEDIUM,HIGH,Selectors are not safely enumerable from DNS alone; never collect message bodies unnecessarily.,NOT_SUPPORTED
dmarc_contains_none,DMARC Record Contains None Policy,dns_health,info,DIRECTLY_TESTABLE,"Query TXT at _dmarc.<domain>, parse the single applicable DMARC record and determine inherited/effective policy per RFC 9989.","Queried name, DNS status, TXT record hash, parsed tags, organizational-domain basis and effective p/sp/np policy.",Finding when the applicable parsed DMARC policy is p=none (or the subdomain effective policy is none) under internal enforcement policy.,DNS,None,IETF RFC,https://www.rfc-editor.org/rfc/rfc9989.html,LOW,HIGH,Use a pinned Public Suffix List version for organizational-domain processing.,PARTIAL
dmarc_record_missing,DMARC Record Missing,dns_health,info,DIRECTLY_TESTABLE,"Query TXT at _dmarc.<domain>, parse the single applicable DMARC record and determine inherited/effective policy per RFC 9989.","Queried name, DNS status, TXT record hash, parsed tags, organizational-domain basis and effective p/sp/np policy.",Finding when DNS returns authenticated no-data/NXDOMAIN and no applicable organizational-domain policy exists; DNS errors are indeterminate.,DNS,None,IETF RFC,https://www.rfc-editor.org/rfc/rfc9989.html,LOW,HIGH,Use a pinned Public Suffix List version for organizational-domain processing.,PARTIAL
spf_record_malformed,Malformed SPF Record,dns_health,medium,DIRECTLY_TESTABLE,"Query domain TXT records, select v=spf1 records, parse/evaluate mechanisms with bounded DNS lookups, and retain the normalized policy.","Domain, DNS status, record hash, parse tree, lookup count, evaluation result and error class.","Finding when RFC 7208 parsing/evaluation returns permerror, including multiple SPF records or invalid syntax.",DNS,None,IETF RFC,https://www.rfc-editor.org/rfc/rfc7208.html,MEDIUM,HIGH,Do not equate email-policy posture with SSC score impact.,PARTIAL
spf_record_missing,SPF Record Missing,dns_health,low,DIRECTLY_TESTABLE,"Query domain TXT records, select v=spf1 records, parse/evaluate mechanisms with bounded DNS lookups, and retain the normalized policy.","Domain, DNS status, record hash, parse tree, lookup count, evaluation result and error class.",Finding when no v=spf1 TXT record exists; DNS timeout/SERVFAIL is indeterminate.,DNS,None,IETF RFC,https://www.rfc-editor.org/rfc/rfc7208.html,LOW,HIGH,"The DNS executor gathers prerequisite TXT evidence, but no active rule is linked to this SSC_API issue; support remains partial until the specific condition is evaluated.",PARTIAL
spf_record_softfail,SPF Record Contains a Softfail without DMARC,dns_health,info,DIRECTLY_TESTABLE,"Query domain TXT records, select v=spf1 records, parse/evaluate mechanisms with bounded DNS lookups, and retain the normalized policy.","Domain, DNS status, record hash, parse tree, lookup count, evaluation result and error class.",Finding when the terminal policy yields ~all and no enforcing DMARC policy mitigates it under internal email policy.,DNS,None,IETF RFC,https://www.rfc-editor.org/rfc/rfc7208.html,MEDIUM,HIGH,Do not equate email-policy posture with SSC score impact.,PARTIAL
spf_record_wildcard,SPF Record Found Ineffective,dns_health,medium,DIRECTLY_TESTABLE,"Query domain TXT records, select v=spf1 records, parse/evaluate mechanisms with bounded DNS lookups, and retain the normalized policy.","Domain, DNS status, record hash, parse tree, lookup count, evaluation result and error class.",Finding when the effective policy authorizes all senders (+all) or otherwise resolves to an internal-policy ineffective authorization set.,DNS,None,IETF RFC,https://www.rfc-editor.org/rfc/rfc7208.html,MEDIUM,HIGH,Do not equate email-policy posture with SSC score impact.,PARTIAL
subdomain_dmarc_contains_none,Subdomain DMARC Record Contains None Policy,dns_health,info,DIRECTLY_TESTABLE,"Query TXT at _dmarc.<approved-subdomain>, parse the single applicable DMARC record and determine inherited/effective policy per RFC 9989.","Queried name, DNS status, TXT record hash, parsed tags, organizational-domain basis and effective p/sp/np policy.",Finding when the applicable parsed DMARC policy is p=none (or the subdomain effective policy is none) under internal enforcement policy.,DNS,None,IETF RFC,https://www.rfc-editor.org/rfc/rfc9989.html,LOW,HIGH,Use a pinned Public Suffix List version for organizational-domain processing.,PARTIAL
outdated_browser,Outdated Web Browser Observed,endpoint_security,low,EXTERNAL_DATA_REQUIRED,"Ingest organization-authorized EDR/MDM or web telemetry that identifies client browser versions, then compare with vendor-supported release data.","Managed device/pseudonymous client ID, observed browser product/version, last-seen time, vendor lifecycle-data revision and support result.",Finding when a reliably identified managed client version is outside vendor support or below an approved minimum; anonymous user-agent strings alone are insufficient.,EXTERNAL_INTEL_INGEST,EDR/MDM or consented first-party client telemetry plus vendor lifecycle data,Reputable threat-intelligence source / internal telemetry,Vendor lifecycle documentation; internal endpoint policy,HIGH,HIGH,External client telemetry is required; an external perimeter scanner cannot reliably inventory end-user software.,NOT_SUPPORTED
outdated_os,Outdated Operating System Observed,endpoint_security,medium,EXTERNAL_DATA_REQUIRED,"Ingest organization-authorized EDR/MDM or web telemetry that identifies client operating system versions, then compare with vendor-supported release data.","Managed device/pseudonymous client ID, observed operating system product/version, last-seen time, vendor lifecycle-data revision and support result.",Finding when a reliably identified managed client version is outside vendor support or below an approved minimum; anonymous user-agent strings alone are insufficient.,EXTERNAL_INTEL_INGEST,EDR/MDM or consented first-party client telemetry plus vendor lifecycle data,Reputable threat-intelligence source / internal telemetry,Vendor lifecycle documentation; internal endpoint policy,HIGH,HIGH,External client telemetry is required; an external perimeter scanner cannot reliably inventory end-user software.,NOT_SUPPORTED
ransomware_victim,Domain Advertised as Ransomware Victim,hacker_chatter,high,EXTERNAL_DATA_REQUIRED,"Ingest a contracted, provenance-bearing threat-intelligence assertion that names the organization/domain and analyst classification.","Provider, report/assertion ID, subject domain, first/last seen, actor/ransomware label, confidence, analyst review and retention class.",Finding only for a current provider assertion above the approved confidence threshold and confirmed by analyst review.,EXTERNAL_INTEL_INGEST,Licensed dark-web/ransomware/threat-actor intelligence,Reputable threat-intelligence source / internal telemetry,https://www.cisa.gov/stopransomware; https://attack.mitre.org/,HIGH,MEDIUM,Public protocol scans cannot establish hacker-chatter or victim claims; avoid scraping illicit forums directly.,NOT_SUPPORTED
targeted_by_threat_actor_group,Domain Targeted By Threat Actor Group,hacker_chatter,info,EXTERNAL_DATA_REQUIRED,"Ingest a contracted, provenance-bearing threat-intelligence assertion that names the organization/domain and analyst classification.","Provider, report/assertion ID, subject domain, first/last seen, actor/ransomware label, confidence, analyst review and retention class.",Finding only for a current provider assertion above the approved confidence threshold and confirmed by analyst review.,EXTERNAL_INTEL_INGEST,Licensed dark-web/ransomware/threat-actor intelligence,Reputable threat-intelligence source / internal telemetry,https://www.cisa.gov/stopransomware; https://attack.mitre.org/,HIGH,MEDIUM,Public protocol scans cannot establish hacker-chatter or victim claims; avoid scraping illicit forums directly.,NOT_SUPPORTED
active_cve_exploitation_attempted,Active CVE Exploitation Attempted,ip_reputation,low,EXTERNAL_DATA_REQUIRED,"Ingest time-bounded, provenance-bearing intelligence or internal detection events and correlate them to an in-scope IP at the event time.","Feed/provider, indicator/event ID, IP, classification, first/last seen, confidence, event time, dataset version and corroboration.",Finding only when a current high-confidence assertion/event explicitly classifies the IP as 'Active CVE Exploitation Attempted' and asset ownership/time overlap are verified; do not infer from open ports.,EXTERNAL_INTEL_INGEST,Approved IP/malware/botnet reputation feed and/or internal IDS/NetFlow/EDR telemetry,Reputable threat-intelligence source / internal telemetry,https://abuse.ch/; https://www.spamhaus.org/blocklists/; https://www.misp-project.org/; https://attack.mitre.org/,MEDIUM,MEDIUM,"This signal depends on third-party sensors or internal traffic/endpoint telemetry, not deterministic perimeter probing.",NOT_SUPPORTED
adware_installation,Adware Installation,ip_reputation,low,EXTERNAL_DATA_REQUIRED,"Ingest time-bounded, provenance-bearing intelligence or internal detection events and correlate them to an in-scope IP at the event time.","Feed/provider, indicator/event ID, IP, classification, first/last seen, confidence, event time, dataset version and corroboration.",Finding only when a current high-confidence assertion/event explicitly classifies the IP as 'Adware Installation' and asset ownership/time overlap are verified; do not infer from open ports.,EXTERNAL_INTEL_INGEST,Approved IP/malware/botnet reputation feed and/or internal IDS/NetFlow/EDR telemetry,Reputable threat-intelligence source / internal telemetry,https://abuse.ch/; https://www.spamhaus.org/blocklists/; https://www.misp-project.org/; https://attack.mitre.org/,MEDIUM,MEDIUM,"This signal depends on third-party sensors or internal traffic/endpoint telemetry, not deterministic perimeter probing.",NOT_SUPPORTED
adware_installation_trail,Adware Installation Trail,ip_reputation,low,EXTERNAL_DATA_REQUIRED,"Ingest time-bounded, provenance-bearing intelligence or internal detection events and correlate them to an in-scope IP at the event time.","Feed/provider, indicator/event ID, IP, classification, first/last seen, confidence, event time, dataset version and corroboration.",Finding only when a current high-confidence assertion/event explicitly classifies the IP as 'Adware Installation Trail' and asset ownership/time overlap are verified; do not infer from open ports.,EXTERNAL_INTEL_INGEST,Approved IP/malware/botnet reputation feed and/or internal IDS/NetFlow/EDR telemetry,Reputable threat-intelligence source / internal telemetry,https://abuse.ch/; https://www.spamhaus.org/blocklists/; https://www.misp-project.org/; https://attack.mitre.org/,MEDIUM,MEDIUM,"This signal depends on third-party sensors or internal traffic/endpoint telemetry, not deterministic perimeter probing.",NOT_SUPPORTED
attack_detected,Attack Detected,ip_reputation,low,EXTERNAL_DATA_REQUIRED,"Ingest time-bounded, provenance-bearing intelligence or internal detection events and correlate them to an in-scope IP at the event time.","Feed/provider, indicator/event ID, IP, classification, first/last seen, confidence, event time, dataset version and corroboration.",Finding only when a current high-confidence assertion/event explicitly classifies the IP as 'Attack Detected' and asset ownership/time overlap are verified; do not infer from open ports.,EXTERNAL_INTEL_INGEST,Approved IP/malware/botnet reputation feed and/or internal IDS/NetFlow/EDR telemetry,Reputable threat-intelligence source / internal telemetry,https://abuse.ch/; https://www.spamhaus.org/blocklists/; https://www.misp-project.org/; https://attack.mitre.org/,MEDIUM,MEDIUM,"This signal depends on third-party sensors or internal traffic/endpoint telemetry, not deterministic perimeter probing.",NOT_SUPPORTED
cobalt_strike_c2_detected,Cobalt Strike C2 Detected,ip_reputation,info,EXTERNAL_DATA_REQUIRED,"Ingest time-bounded, provenance-bearing intelligence or internal detection events and correlate them to an in-scope IP at the event time.","Feed/provider, indicator/event ID, IP, classification, first/last seen, confidence, event time, dataset version and corroboration.",Finding only when a current high-confidence assertion/event explicitly classifies the IP as 'Cobalt Strike C2 Detected' and asset ownership/time overlap are verified; do not infer from open ports.,EXTERNAL_INTEL_INGEST,Approved IP/malware/botnet reputation feed and/or internal IDS/NetFlow/EDR telemetry,Reputable threat-intelligence source / internal telemetry,https://abuse.ch/; https://www.spamhaus.org/blocklists/; https://www.misp-project.org/; https://attack.mitre.org/,MEDIUM,MEDIUM,"This signal depends on third-party sensors or internal traffic/endpoint telemetry, not deterministic perimeter probing.",NOT_SUPPORTED
compromised_by_information_stealer,Information Stealer Detected,ip_reputation,info,EXTERNAL_DATA_REQUIRED,"Ingest time-bounded, provenance-bearing intelligence or internal detection events and correlate them to an in-scope IP at the event time.","Feed/provider, indicator/event ID, IP, classification, first/last seen, confidence, event time, dataset version and corroboration.",Finding only when a current high-confidence assertion/event explicitly classifies the IP as 'Information Stealer Detected' and asset ownership/time overlap are verified; do not infer from open ports.,EXTERNAL_INTEL_INGEST,Approved IP/malware/botnet reputation feed and/or internal IDS/NetFlow/EDR telemetry,Reputable threat-intelligence source / internal telemetry,https://abuse.ch/; https://www.spamhaus.org/blocklists/; https://www.misp-project.org/; https://attack.mitre.org/,MEDIUM,MEDIUM,"This signal depends on third-party sensors or internal traffic/endpoint telemetry, not deterministic perimeter probing.",NOT_SUPPORTED
dos_attack_attempt_detected,DOS Attack Attempt Detected,ip_reputation,low,EXTERNAL_DATA_REQUIRED,"Ingest time-bounded, provenance-bearing intelligence or internal detection events and correlate them to an in-scope IP at the event time.","Feed/provider, indicator/event ID, IP, classification, first/last seen, confidence, event time, dataset version and corroboration.",Finding only when a current high-confidence assertion/event explicitly classifies the IP as 'DOS Attack Attempt Detected' and asset ownership/time overlap are verified; do not infer from open ports.,EXTERNAL_INTEL_INGEST,Approved IP/malware/botnet reputation feed and/or internal IDS/NetFlow/EDR telemetry,Reputable threat-intelligence source / internal telemetry,https://abuse.ch/; https://www.spamhaus.org/blocklists/; https://www.misp-project.org/; https://attack.mitre.org/,MEDIUM,MEDIUM,"This signal depends on third-party sensors or internal traffic/endpoint telemetry, not deterministic perimeter probing.",NOT_SUPPORTED
exploited_product,Products Susceptible To Ransomware Exploits Exposed,ip_reputation,low,TESTABLE_WITH_ENRICHMENT,Identify exposed product/version using safe fingerprinting or authenticated inventory and correlate affected CVEs with CISA KEV ransomware-use metadata.,"Endpoint, product/version/CPE evidence, CVE IDs, KEV dataset revision, ransomware-use flag and confidence.","Finding when an exposed, confidently identified affected version maps to a KEV entry associated with ransomware; no exploit validation.",FINGERPRINT+SBOM+CVE+KEV,"NVD/CPE, vendor advisories and CISA KEV",NVD / CISA / vendor advisory,https://www.cisa.gov/known-exploited-vulnerabilities-catalog; https://csrc.nist.gov/pubs/ir/7695/final,HIGH,MEDIUM,The factor name does not change this into an IP-reputation inference.,PARTIAL
general_scan_detected,General Scan Detected,ip_reputation,info,EXTERNAL_DATA_REQUIRED,"Ingest time-bounded, provenance-bearing intelligence or internal detection events and correlate them to an in-scope IP at the event time.","Feed/provider, indicator/event ID, IP, classification, first/last seen, confidence, event time, dataset version and corroboration.",Finding only when a current high-confidence assertion/event explicitly classifies the IP as 'General Scan Detected' and asset ownership/time overlap are verified; do not infer from open ports.,EXTERNAL_INTEL_INGEST,Approved IP/malware/botnet reputation feed and/or internal IDS/NetFlow/EDR telemetry,Reputable threat-intelligence source / internal telemetry,https://abuse.ch/; https://www.spamhaus.org/blocklists/; https://www.misp-project.org/; https://attack.mitre.org/,MEDIUM,MEDIUM,"This signal depends on third-party sensors or internal traffic/endpoint telemetry, not deterministic perimeter probing.",NOT_SUPPORTED
infected_by_targeted_attack,Infected by Targeted Attack,ip_reputation,info,EXTERNAL_DATA_REQUIRED,"Ingest time-bounded, provenance-bearing intelligence or internal detection events and correlate them to an in-scope IP at the event time.","Feed/provider, indicator/event ID, IP, classification, first/last seen, confidence, event time, dataset version and corroboration.",Finding only when a current high-confidence assertion/event explicitly classifies the IP as 'Infected by Targeted Attack' and asset ownership/time overlap are verified; do not infer from open ports.,EXTERNAL_INTEL_INGEST,Approved IP/malware/botnet reputation feed and/or internal IDS/NetFlow/EDR telemetry,Reputable threat-intelligence source / internal telemetry,https://abuse.ch/; https://www.spamhaus.org/blocklists/; https://www.misp-project.org/; https://attack.mitre.org/,MEDIUM,MEDIUM,"This signal depends on third-party sensors or internal traffic/endpoint telemetry, not deterministic perimeter probing.",NOT_SUPPORTED
ip_black_list_due_malicious_activity,IP on blacklist due to malicious activity,ip_reputation,medium,EXTERNAL_DATA_REQUIRED,"Ingest time-bounded, provenance-bearing intelligence or internal detection events and correlate them to an in-scope IP at the event time.","Feed/provider, indicator/event ID, IP, classification, first/last seen, confidence, event time, dataset version and corroboration.",Finding only when a current high-confidence assertion/event explicitly classifies the IP as 'IP on blacklist due to malicious activity' and asset ownership/time overlap are verified; do not infer from open ports.,EXTERNAL_INTEL_INGEST,Approved IP/malware/botnet reputation feed and/or internal IDS/NetFlow/EDR telemetry,Reputable threat-intelligence source / internal telemetry,https://abuse.ch/; https://www.spamhaus.org/blocklists/; https://www.misp-project.org/; https://attack.mitre.org/,MEDIUM,MEDIUM,"This signal depends on third-party sensors or internal traffic/endpoint telemetry, not deterministic perimeter probing.",NOT_SUPPORTED
known_compromised_or_hostile_host,Known compromised or Hostile Host,ip_reputation,medium,EXTERNAL_DATA_REQUIRED,"Ingest time-bounded, provenance-bearing intelligence or internal detection events and correlate them to an in-scope IP at the event time.","Feed/provider, indicator/event ID, IP, classification, first/last seen, confidence, event time, dataset version and corroboration.",Finding only when a current high-confidence assertion/event explicitly classifies the IP as 'Known compromised or Hostile Host' and asset ownership/time overlap are verified; do not infer from open ports.,EXTERNAL_INTEL_INGEST,Approved IP/malware/botnet reputation feed and/or internal IDS/NetFlow/EDR telemetry,Reputable threat-intelligence source / internal telemetry,https://abuse.ch/; https://www.spamhaus.org/blocklists/; https://www.misp-project.org/; https://attack.mitre.org/,MEDIUM,MEDIUM,"This signal depends on third-party sensors or internal traffic/endpoint telemetry, not deterministic perimeter probing.",NOT_SUPPORTED
mail_server_unusual_port,SMTP Server on Unusual Port,ip_reputation,medium,DIRECTLY_TESTABLE,Probe only an explicit approved SMTP-port allowlist and perform a minimal SMTP greeting/EHLO exchange without sending mail or credentials.,"IP, port, TCP result, SMTP greeting code/banner hash, EHLO result and approved-port policy version.",Finding when a verified SMTP service listens on a port classified as unusual by internal policy; open TCP alone is insufficient.,TCP_SMTP,None,IETF SMTP / IANA registry / internal policy,https://www.rfc-editor.org/rfc/rfc5321.html; https://www.iana.org/assignments/service-names-port-numbers/service-names-port-numbers.xhtml,LOW,HIGH,"No relay test, recipient enumeration or message submission.",PARTIAL
malicious_botnet_c_and_c_server_detected,Malicious botnet C2 server detected,ip_reputation,high,EXTERNAL_DATA_REQUIRED,"Ingest time-bounded, provenance-bearing intelligence or internal detection events and correlate them to an in-scope IP at the event time.","Feed/provider, indicator/event ID, IP, classification, first/last seen, confidence, event time, dataset version and corroboration.",Finding only when a current high-confidence assertion/event explicitly classifies the IP as 'Malicious botnet C2 server detected' and asset ownership/time overlap are verified; do not infer from open ports.,EXTERNAL_INTEL_INGEST,Approved IP/malware/botnet reputation feed and/or internal IDS/NetFlow/EDR telemetry,Reputable threat-intelligence source / internal telemetry,https://abuse.ch/; https://www.spamhaus.org/blocklists/; https://www.misp-project.org/; https://attack.mitre.org/,MEDIUM,MEDIUM,"This signal depends on third-party sensors or internal traffic/endpoint telemetry, not deterministic perimeter probing.",NOT_SUPPORTED
malicious_scan_detected,Malicious Scan Detected,ip_reputation,high,EXTERNAL_DATA_REQUIRED,"Ingest time-bounded, provenance-bearing intelligence or internal detection events and correlate them to an in-scope IP at the event time.","Feed/provider, indicator/event ID, IP, classification, first/last seen, confidence, event time, dataset version and corroboration.",Finding only when a current high-confidence assertion/event explicitly classifies the IP as 'Malicious Scan Detected' and asset ownership/time overlap are verified; do not infer from open ports.,EXTERNAL_INTEL_INGEST,Approved IP/malware/botnet reputation feed and/or internal IDS/NetFlow/EDR telemetry,Reputable threat-intelligence source / internal telemetry,https://abuse.ch/; https://www.spamhaus.org/blocklists/; https://www.misp-project.org/; https://attack.mitre.org/,MEDIUM,MEDIUM,"This signal depends on third-party sensors or internal traffic/endpoint telemetry, not deterministic perimeter probing.",NOT_SUPPORTED
malicious_tor_exit_node_detected,Malicious TOR Exit Node Detected,ip_reputation,high,EXTERNAL_DATA_REQUIRED,"Ingest time-bounded, provenance-bearing intelligence or internal detection events and correlate them to an in-scope IP at the event time.","Feed/provider, indicator/event ID, IP, classification, first/last seen, confidence, event time, dataset version and corroboration.",Finding only when a current high-confidence assertion/event explicitly classifies the IP as 'Malicious TOR Exit Node Detected' and asset ownership/time overlap are verified; do not infer from open ports.,EXTERNAL_INTEL_INGEST,Tor Project signed consensus/exit data plus internal traffic telemetry,Reputable threat-intelligence source / internal telemetry,https://spec.torproject.org/dir-spec/publishing-consensus.html,MEDIUM,MEDIUM,"This signal depends on third-party sensors or internal traffic/endpoint telemetry, not deterministic perimeter probing.",NOT_SUPPORTED
malicious_tor_relay_router_node_detected,Malicious TOR Relay/Router Node Detected,ip_reputation,low,EXTERNAL_DATA_REQUIRED,"Ingest time-bounded, provenance-bearing intelligence or internal detection events and correlate them to an in-scope IP at the event time.","Feed/provider, indicator/event ID, IP, classification, first/last seen, confidence, event time, dataset version and corroboration.",Finding only when a current high-confidence assertion/event explicitly classifies the IP as 'Malicious TOR Relay/Router Node Detected' and asset ownership/time overlap are verified; do not infer from open ports.,EXTERNAL_INTEL_INGEST,Tor Project signed consensus/exit data plus internal traffic telemetry,Reputable threat-intelligence source / internal telemetry,https://spec.torproject.org/dir-spec/publishing-consensus.html,MEDIUM,MEDIUM,"This signal depends on third-party sensors or internal traffic/endpoint telemetry, not deterministic perimeter probing.",NOT_SUPPORTED
malicious_user_agent_detected,Malicious User Agent Detected,ip_reputation,low,EXTERNAL_DATA_REQUIRED,"Ingest time-bounded, provenance-bearing intelligence or internal detection events and correlate them to an in-scope IP at the event time.","Feed/provider, indicator/event ID, IP, classification, first/last seen, confidence, event time, dataset version and corroboration.",Finding only when a current high-confidence assertion/event explicitly classifies the IP as 'Malicious User Agent Detected' and asset ownership/time overlap are verified; do not infer from open ports.,EXTERNAL_INTEL_INGEST,Approved IP/malware/botnet reputation feed and/or internal IDS/NetFlow/EDR telemetry,Reputable threat-intelligence source / internal telemetry,https://abuse.ch/; https://www.spamhaus.org/blocklists/; https://www.misp-project.org/; https://attack.mitre.org/,MEDIUM,MEDIUM,"This signal depends on third-party sensors or internal traffic/endpoint telemetry, not deterministic perimeter probing.",NOT_SUPPORTED
malware_detected,Malware Detected,ip_reputation,high,EXTERNAL_DATA_REQUIRED,"Ingest time-bounded, provenance-bearing intelligence or internal detection events and correlate them to an in-scope IP at the event time.","Feed/provider, indicator/event ID, IP, classification, first/last seen, confidence, event time, dataset version and corroboration.",Finding only when a current high-confidence assertion/event explicitly classifies the IP as 'Malware Detected' and asset ownership/time overlap are verified; do not infer from open ports.,EXTERNAL_INTEL_INGEST,Approved IP/malware/botnet reputation feed and/or internal IDS/NetFlow/EDR telemetry,Reputable threat-intelligence source / internal telemetry,https://abuse.ch/; https://www.spamhaus.org/blocklists/; https://www.misp-project.org/; https://attack.mitre.org/,MEDIUM,MEDIUM,"This signal depends on third-party sensors or internal traffic/endpoint telemetry, not deterministic perimeter probing.",NOT_SUPPORTED
malware_infection,Malware Infection,ip_reputation,low,EXTERNAL_DATA_REQUIRED,"Ingest time-bounded, provenance-bearing intelligence or internal detection events and correlate them to an in-scope IP at the event time.","Feed/provider, indicator/event ID, IP, classification, first/last seen, confidence, event time, dataset version and corroboration.",Finding only when a current high-confidence assertion/event explicitly classifies the IP as 'Malware Infection' and asset ownership/time overlap are verified; do not infer from open ports.,EXTERNAL_INTEL_INGEST,Approved IP/malware/botnet reputation feed and/or internal IDS/NetFlow/EDR telemetry,Reputable threat-intelligence source / internal telemetry,https://abuse.ch/; https://www.spamhaus.org/blocklists/; https://www.misp-project.org/; https://attack.mitre.org/,MEDIUM,MEDIUM,"This signal depends on third-party sensors or internal traffic/endpoint telemetry, not deterministic perimeter probing.",NOT_SUPPORTED
malware_infection_trail,Malware Infection Trail,ip_reputation,low,EXTERNAL_DATA_REQUIRED,"Ingest time-bounded, provenance-bearing intelligence or internal detection events and correlate them to an in-scope IP at the event time.","Feed/provider, indicator/event ID, IP, classification, first/last seen, confidence, event time, dataset version and corroboration.",Finding only when a current high-confidence assertion/event explicitly classifies the IP as 'Malware Infection Trail' and asset ownership/time overlap are verified; do not infer from open ports.,EXTERNAL_INTEL_INGEST,Approved IP/malware/botnet reputation feed and/or internal IDS/NetFlow/EDR telemetry,Reputable threat-intelligence source / internal telemetry,https://abuse.ch/; https://www.spamhaus.org/blocklists/; https://www.misp-project.org/; https://attack.mitre.org/,MEDIUM,MEDIUM,"This signal depends on third-party sensors or internal traffic/endpoint telemetry, not deterministic perimeter probing.",NOT_SUPPORTED
mirai_botnet_traffic_detected,Mirai Botnet Traffic Detected,ip_reputation,medium,EXTERNAL_DATA_REQUIRED,"Ingest time-bounded, provenance-bearing intelligence or internal detection events and correlate them to an in-scope IP at the event time.","Feed/provider, indicator/event ID, IP, classification, first/last seen, confidence, event time, dataset version and corroboration.",Finding only when a current high-confidence assertion/event explicitly classifies the IP as 'Mirai Botnet Traffic Detected' and asset ownership/time overlap are verified; do not infer from open ports.,EXTERNAL_INTEL_INGEST,Approved IP/malware/botnet reputation feed and/or internal IDS/NetFlow/EDR telemetry,Reputable threat-intelligence source / internal telemetry,https://abuse.ch/; https://www.spamhaus.org/blocklists/; https://www.misp-project.org/; https://attack.mitre.org/,MEDIUM,MEDIUM,"This signal depends on third-party sensors or internal traffic/endpoint telemetry, not deterministic perimeter probing.",NOT_SUPPORTED
pva_installation,Potentially Vulnerable Application (PVA) Installation,ip_reputation,high,EXTERNAL_DATA_REQUIRED,"Ingest time-bounded, provenance-bearing intelligence or internal detection events and correlate them to an in-scope IP at the event time.","Feed/provider, indicator/event ID, IP, classification, first/last seen, confidence, event time, dataset version and corroboration.",Finding only when a current high-confidence assertion/event explicitly classifies the IP as 'Potentially Vulnerable Application (PVA) Installation' and asset ownership/time overlap are verified; do not infer from open ports.,EXTERNAL_INTEL_INGEST,Approved IP/malware/botnet reputation feed and/or internal IDS/NetFlow/EDR telemetry,Reputable threat-intelligence source / internal telemetry,https://abuse.ch/; https://www.spamhaus.org/blocklists/; https://www.misp-project.org/; https://attack.mitre.org/,MEDIUM,MEDIUM,"This signal depends on third-party sensors or internal traffic/endpoint telemetry, not deterministic perimeter probing.",NOT_SUPPORTED
pva_installation_trail,Potentially Vulnerable Application Installation (PVA) Trail,ip_reputation,low,EXTERNAL_DATA_REQUIRED,"Ingest time-bounded, provenance-bearing intelligence or internal detection events and correlate them to an in-scope IP at the event time.","Feed/provider, indicator/event ID, IP, classification, first/last seen, confidence, event time, dataset version and corroboration.",Finding only when a current high-confidence assertion/event explicitly classifies the IP as 'Potentially Vulnerable Application Installation (PVA) Trail' and asset ownership/time overlap are verified; do not infer from open ports.,EXTERNAL_INTEL_INGEST,Approved IP/malware/botnet reputation feed and/or internal IDS/NetFlow/EDR telemetry,Reputable threat-intelligence source / internal telemetry,https://abuse.ch/; https://www.spamhaus.org/blocklists/; https://www.misp-project.org/; https://attack.mitre.org/,MEDIUM,MEDIUM,"This signal depends on third-party sensors or internal traffic/endpoint telemetry, not deterministic perimeter probing.",NOT_SUPPORTED
ransomware_infection,Ransomware Infection Detected,ip_reputation,high,EXTERNAL_DATA_REQUIRED,"Ingest time-bounded, provenance-bearing intelligence or internal detection events and correlate them to an in-scope IP at the event time.","Feed/provider, indicator/event ID, IP, classification, first/last seen, confidence, event time, dataset version and corroboration.",Finding only when a current high-confidence assertion/event explicitly classifies the IP as 'Ransomware Infection Detected' and asset ownership/time overlap are verified; do not infer from open ports.,EXTERNAL_INTEL_INGEST,Approved IP/malware/botnet reputation feed and/or internal IDS/NetFlow/EDR telemetry,Reputable threat-intelligence source / internal telemetry,https://abuse.ch/; https://www.spamhaus.org/blocklists/; https://www.misp-project.org/; https://attack.mitre.org/,MEDIUM,MEDIUM,"This signal depends on third-party sensors or internal traffic/endpoint telemetry, not deterministic perimeter probing.",NOT_SUPPORTED
ransomware_infection_trail,Ransomware Infection Trail Detected,ip_reputation,high,EXTERNAL_DATA_REQUIRED,"Ingest time-bounded, provenance-bearing intelligence or internal detection events and correlate them to an in-scope IP at the event time.","Feed/provider, indicator/event ID, IP, classification, first/last seen, confidence, event time, dataset version and corroboration.",Finding only when a current high-confidence assertion/event explicitly classifies the IP as 'Ransomware Infection Trail Detected' and asset ownership/time overlap are verified; do not infer from open ports.,EXTERNAL_INTEL_INGEST,Approved IP/malware/botnet reputation feed and/or internal IDS/NetFlow/EDR telemetry,Reputable threat-intelligence source / internal telemetry,https://abuse.ch/; https://www.spamhaus.org/blocklists/; https://www.misp-project.org/; https://attack.mitre.org/,MEDIUM,MEDIUM,"This signal depends on third-party sensors or internal traffic/endpoint telemetry, not deterministic perimeter probing.",NOT_SUPPORTED
alleged_first_party_breach,Alleged Breach Originator,leaked_information,info,EXTERNAL_DATA_REQUIRED,"Ingest a lawful, approved external breach/leak feed or internal DLP/IDS event and normalize provider assertions without collecting exposed content unnecessarily.","Provider/internal event ID, asserted party role, event type, first/last seen, confidence and analyst disposition; sensitive content minimized.",Finding only when a provenance-bearing event maps unambiguously to the organization and passes confidence/recency policy; allegations remain labeled as allegations.,EXTERNAL_INTEL_INGEST,Breach-intelligence or IDS/DLP event feed with provenance,Reputable threat-intelligence source / internal telemetry,https://www.misp-project.org/; https://attack.mitre.org/,HIGH,MEDIUM,"Perimeter probing cannot independently observe breach, credential-corpus, or leak events. Privacy/legal review is mandatory.",NOT_SUPPORTED
alleged_third_party_breach,Alleged Breach Impacted,leaked_information,info,EXTERNAL_DATA_REQUIRED,"Ingest a lawful, approved external breach/leak feed or internal DLP/IDS event and normalize provider assertions without collecting exposed content unnecessarily.","Provider/internal event ID, asserted party role, event type, first/last seen, confidence and analyst disposition; sensitive content minimized.",Finding only when a provenance-bearing event maps unambiguously to the organization and passes confidence/recency policy; allegations remain labeled as allegations.,EXTERNAL_INTEL_INGEST,Breach-intelligence or IDS/DLP event feed with provenance,Reputable threat-intelligence source / internal telemetry,https://www.misp-project.org/; https://attack.mitre.org/,HIGH,MEDIUM,"Perimeter probing cannot independently observe breach, credential-corpus, or leak events. Privacy/legal review is mandatory.",NOT_SUPPORTED
attempted_information_leak,Attempted Information Leak,leaked_information,low,EXTERNAL_DATA_REQUIRED,"Ingest a lawful, approved external breach/leak feed or internal DLP/IDS event and normalize provider assertions without collecting exposed content unnecessarily.","Provider/internal event ID, asserted party role, event type, first/last seen, confidence and analyst disposition; sensitive content minimized.",Finding only when a provenance-bearing event maps unambiguously to the organization and passes confidence/recency policy; allegations remain labeled as allegations.,EXTERNAL_INTEL_INGEST,Breach-intelligence or IDS/DLP event feed with provenance,Reputable threat-intelligence source / internal telemetry,https://www.misp-project.org/; https://attack.mitre.org/,HIGH,MEDIUM,"Perimeter probing cannot independently observe breach, credential-corpus, or leak events. Privacy/legal review is mandatory.",NOT_SUPPORTED
compromised_credentials_found,Credentials at Risk for Up to 120 days,leaked_information,low,EXTERNAL_DATA_REQUIRED,"Ingest a lawful, approved external breach/leak feed or internal DLP/IDS event and normalize provider assertions without collecting exposed content unnecessarily.","Provider event ID, account-domain match, credential type, breach/first-seen date, age bucket and remediation state; secret/password value never stored.",Finding only when a provenance-bearing event maps unambiguously to the organization and passes confidence/recency policy; allegations remain labeled as allegations.,EXTERNAL_INTEL_INGEST,Licensed breach/credential corpus with lawful provenance and privacy controls,Reputable threat-intelligence source / internal telemetry,https://pages.nist.gov/800-63-4/sp800-63b.html,HIGH,MEDIUM,"Perimeter probing cannot independently observe breach, credential-corpus, or leak events. Privacy/legal review is mandatory.",NOT_SUPPORTED
confirmed_first_party_breach,Confirmed Breach Originator,leaked_information,info,EXTERNAL_DATA_REQUIRED,"Ingest a lawful, approved external breach/leak feed or internal DLP/IDS event and normalize provider assertions without collecting exposed content unnecessarily.","Provider/internal event ID, asserted party role, event type, first/last seen, confidence and analyst disposition; sensitive content minimized.",Finding only when a provenance-bearing event maps unambiguously to the organization and passes confidence/recency policy; allegations remain labeled as allegations.,EXTERNAL_INTEL_INGEST,Breach-intelligence or IDS/DLP event feed with provenance,Reputable threat-intelligence source / internal telemetry,https://www.misp-project.org/; https://attack.mitre.org/,HIGH,MEDIUM,"Perimeter probing cannot independently observe breach, credential-corpus, or leak events. Privacy/legal review is mandatory.",NOT_SUPPORTED
confirmed_third_party_breach,Confirmed Breach Impacted,leaked_information,info,EXTERNAL_DATA_REQUIRED,"Ingest a lawful, approved external breach/leak feed or internal DLP/IDS event and normalize provider assertions without collecting exposed content unnecessarily.","Provider/internal event ID, asserted party role, event type, first/last seen, confidence and analyst disposition; sensitive content minimized.",Finding only when a provenance-bearing event maps unambiguously to the organization and passes confidence/recency policy; allegations remain labeled as allegations.,EXTERNAL_INTEL_INGEST,Breach-intelligence or IDS/DLP event feed with provenance,Reputable threat-intelligence source / internal telemetry,https://www.misp-project.org/; https://attack.mitre.org/,HIGH,MEDIUM,"Perimeter probing cannot independently observe breach, credential-corpus, or leak events. Privacy/legal review is mandatory.",NOT_SUPPORTED
exploit_attempt_detected,Exploit Attempt Detected,leaked_information,medium,EXTERNAL_DATA_REQUIRED,"Ingest a lawful, approved external breach/leak feed or internal DLP/IDS event and normalize provider assertions without collecting exposed content unnecessarily.","Provider/internal event ID, asserted party role, event type, first/last seen, confidence and analyst disposition; sensitive content minimized.",Finding only when a provenance-bearing event maps unambiguously to the organization and passes confidence/recency policy; allegations remain labeled as allegations.,EXTERNAL_INTEL_INGEST,Breach-intelligence or IDS/DLP event feed with provenance,Reputable threat-intelligence source / internal telemetry,https://www.misp-project.org/; https://attack.mitre.org/,HIGH,MEDIUM,"Perimeter probing cannot independently observe breach, credential-corpus, or leak events. Privacy/legal review is mandatory.",NOT_SUPPORTED
historical_compromised_credentials_found,Credentials at Risk For Up to Two Years,leaked_information,info,EXTERNAL_DATA_REQUIRED,"Ingest a lawful, approved external breach/leak feed or internal DLP/IDS event and normalize provider assertions without collecting exposed content unnecessarily.","Provider event ID, account-domain match, credential type, breach/first-seen date, age bucket and remediation state; secret/password value never stored.",Finding only when a provenance-bearing event maps unambiguously to the organization and passes confidence/recency policy; allegations remain labeled as allegations.,EXTERNAL_INTEL_INGEST,Licensed breach/credential corpus with lawful provenance and privacy controls,Reputable threat-intelligence source / internal telemetry,https://pages.nist.gov/800-63-4/sp800-63b.html,HIGH,MEDIUM,"Perimeter probing cannot independently observe breach, credential-corpus, or leak events. Privacy/legal review is mandatory.",NOT_SUPPORTED
bitcoin_server,Bitcoin Server Exposed,network_security,info,DIRECTLY_TESTABLE,"On approved ports/networks, perform a minimal non-authenticating Bitcoin version/verack exchange and stop after identification.","IP/port/transport, request type, protocol-valid response/magic/version, banner hash and stop reason.",Positive only when a protocol-valid Bitcoin version/verack response is received; TCP/UDP reachability alone is insufficient.,PROTOCOL_PROBE,None,Protocol/vendor specification,https://developer.bitcoin.org/reference/p2p_networking.html,MEDIUM,HIGH,"No enumeration, login, commands or state changes.",PARTIAL
cdn_hosting,CDN Used,network_security,low,TESTABLE_WITH_ENRICHMENT,"Combine safe protocol handshakes with DNS, TLS and HTTP fingerprints and match them against a reviewed versioned product/provider signature catalog.","IP/port, protocol evidence, DNS/CNAME/ASN where applicable, TLS/HTTP indicators, matched product/provider, confidence and catalog version.",Positive only when independent indicators meet the catalog threshold for 'CDN Used'; open port alone is insufficient.,TCP+HTTP+TLS+DNS_FINGERPRINT,Versioned product/provider signatures; vendor protocol documentation,Vendor documentation / protocol specifications,https://www.iana.org/assignments/service-names-port-numbers/service-names-port-numbers.xhtml; vendor documentation for matched product,HIGH,MEDIUM,Safe identification only; no login or exploit validation.,PARTIAL
cobalt_strike_c2_service,Cobalt Strike C2 server detected,network_security,medium,EXTERNAL_DATA_REQUIRED,Correlate approved threat-intelligence indicators and internal network detection events to the in-scope asset and observation time.,"Indicator/event ID, IP/port, classification, first/last seen, traffic direction, confidence and dataset/signature version.",Finding only when provenance-bearing intelligence or protocol-aware telemetry explicitly supports 'Cobalt Strike C2 server detected'; do not classify from a generic banner or port.,EXTERNAL_INTEL_INGEST,Approved C2/signature intelligence and internal IDS/flow telemetry,Reputable threat-intelligence source / internal telemetry,https://attack.mitre.org/; https://www.misp-project.org/,MEDIUM,MEDIUM,These identities/traffic claims are not reliably established by a safe one-shot perimeter probe.,NOT_SUPPORTED
exposed_embedded_iot_web_server,Embedded IOT Web Server Exposed,network_security,low,TESTABLE_WITH_ENRICHMENT,"Combine safe protocol handshakes with DNS, TLS and HTTP fingerprints and match them against a reviewed versioned product/provider signature catalog.","IP/port, protocol evidence, DNS/CNAME/ASN where applicable, TLS/HTTP indicators, matched product/provider, confidence and catalog version.",Positive only when independent indicators meet the catalog threshold for 'Embedded IOT Web Server Exposed'; open port alone is insufficient.,TCP+HTTP+TLS+DNS_FINGERPRINT,Versioned product/provider signatures; vendor protocol documentation,Vendor documentation / protocol specifications,https://www.iana.org/assignments/service-names-port-numbers/service-names-port-numbers.xhtml; vendor documentation for matched product,HIGH,MEDIUM,Safe identification only; no login or exploit validation.,PARTIAL
exposed_mac_airport_device,Apple AirPort Device Detected,network_security,low,TESTABLE_WITH_ENRICHMENT,"Combine safe protocol handshakes with DNS, TLS and HTTP fingerprints and match them against a reviewed versioned product/provider signature catalog.","IP/port, protocol evidence, DNS/CNAME/ASN where applicable, TLS/HTTP indicators, matched product/provider, confidence and catalog version.",Positive only when independent indicators meet the catalog threshold for 'Apple AirPort Device Detected'; open port alone is insufficient.,TCP+HTTP+TLS+DNS_FINGERPRINT,Versioned product/provider signatures; vendor protocol documentation,Vendor documentation / protocol specifications,https://www.iana.org/assignments/service-names-port-numbers/service-names-port-numbers.xhtml; vendor documentation for matched product,HIGH,MEDIUM,Safe identification only; no login or exploit validation.,PARTIAL
exposed_mobile_printing_service,Mobile Printing Service Detected,network_security,low,DIRECTLY_TESTABLE,"On approved ports/networks, perform a minimal non-authenticating IPP Get-Printer-Attributes exchange and stop after identification.","IP/port/transport, request type, protocol-valid response/magic/version, banner hash and stop reason.",Positive only when a protocol-valid IPP Get-Printer-Attributes response is received; TCP/UDP reachability alone is insufficient.,PROTOCOL_PROBE,None,Protocol/vendor specification,https://www.rfc-editor.org/rfc/rfc8011.html,MEDIUM,HIGH,"No enumeration, login, commands or state changes.",PARTIAL
exposed_network_attached_storage_device,Network Attached Storage Device Exposed,network_security,high,TESTABLE_WITH_ENRICHMENT,"Combine safe protocol handshakes with DNS, TLS and HTTP fingerprints and match them against a reviewed versioned product/provider signature catalog.","IP/port, protocol evidence, DNS/CNAME/ASN where applicable, TLS/HTTP indicators, matched product/provider, confidence and catalog version.",Positive only when independent indicators meet the catalog threshold for 'Network Attached Storage Device Exposed'; open port alone is insufficient.,TCP+HTTP+TLS+DNS_FINGERPRINT,Versioned product/provider signatures; vendor protocol documentation,Vendor documentation / protocol specifications,https://www.iana.org/assignments/service-names-port-numbers/service-names-port-numbers.xhtml; vendor documentation for matched product,HIGH,MEDIUM,Safe identification only; no login or exploit validation.,PARTIAL
exposed_printer,Printer Detected,network_security,medium,TESTABLE_WITH_ENRICHMENT,"Combine safe protocol handshakes with DNS, TLS and HTTP fingerprints and match them against a reviewed versioned product/provider signature catalog.","IP/port, protocol evidence, DNS/CNAME/ASN where applicable, TLS/HTTP indicators, matched product/provider, confidence and catalog version.",Positive only when independent indicators meet the catalog threshold for 'Printer Detected'; open port alone is insufficient.,TCP+HTTP+TLS+DNS_FINGERPRINT,Versioned product/provider signatures; vendor protocol documentation,Vendor documentation / protocol specifications,https://www.iana.org/assignments/service-names-port-numbers/service-names-port-numbers.xhtml; vendor documentation for matched product,HIGH,MEDIUM,Safe identification only; no login or exploit validation.,PARTIAL
industrial_control_device,Industrial Control System Device Accessible,network_security,medium,TESTABLE_WITH_ENRICHMENT,"Combine safe protocol handshakes with DNS, TLS and HTTP fingerprints and match them against a reviewed versioned product/provider signature catalog.","IP/port, protocol evidence, DNS/CNAME/ASN where applicable, TLS/HTTP indicators, matched product/provider, confidence and catalog version.",Positive only when independent indicators meet the catalog threshold for 'Industrial Control System Device Accessible'; open port alone is insufficient.,TCP+HTTP+TLS+DNS_FINGERPRINT,Versioned product/provider signatures; vendor protocol documentation,Vendor documentation / protocol specifications,https://www.iana.org/assignments/service-names-port-numbers/service-names-port-numbers.xhtml; vendor documentation for matched product,HIGH,MEDIUM,Safe identification only; no login or exploit validation.,PARTIAL
iot_camera,IP Camera Accessible,network_security,medium,TESTABLE_WITH_ENRICHMENT,"Combine safe protocol handshakes with DNS, TLS and HTTP fingerprints and match them against a reviewed versioned product/provider signature catalog.","IP/port, protocol evidence, DNS/CNAME/ASN where applicable, TLS/HTTP indicators, matched product/provider, confidence and catalog version.",Positive only when independent indicators meet the catalog threshold for 'IP Camera Accessible'; open port alone is insufficient.,TCP+HTTP+TLS+DNS_FINGERPRINT,Versioned product/provider signatures; vendor protocol documentation,Vendor documentation / protocol specifications,https://www.iana.org/assignments/service-names-port-numbers/service-names-port-numbers.xhtml; vendor documentation for matched product,HIGH,MEDIUM,Safe identification only; no login or exploit validation.,PARTIAL
java_debugger,Java Debugger Detected,network_security,info,DIRECTLY_TESTABLE,"On approved ports/networks, perform a minimal non-authenticating JDWP-Handshake exchange and stop after identification.","IP/port/transport, request type, protocol-valid response/magic/version, banner hash and stop reason.",Positive only when a protocol-valid JDWP-Handshake response is received; TCP/UDP reachability alone is insufficient.,PROTOCOL_PROBE,None,Protocol/vendor specification,https://docs.oracle.com/en/java/javase/21/docs/specs/jdwp/jdwp-spec.html,MEDIUM,HIGH,"No enumeration, login, commands or state changes.",PARTIAL
microsoft_exchange_0_day_vulnerability,Product Potentially Impacted by CVE-2022-41040 & CVE-2022-41082,network_security,low,TESTABLE_WITH_ENRICHMENT,Identify exact product/component version via authenticated inventory/SBOM or high-confidence passive fingerprint and correlate it to vendor/NVD affected ranges.,"Endpoint, product/component/version/CPE evidence, fingerprint confidence, CVE/advisory revision and affected-range result.",Finding only when confirmed version/configuration is affected by CVE-2022-41040 and CVE-2022-41082; hidden/ambiguous versions are indeterminate and no exploit payload is sent.,FINGERPRINT+SBOM+CVE,"NVD/CPE, CISA KEV and vendor advisory",NVD / CISA / vendor advisory,https://nvd.nist.gov/vuln/detail/CVE-2022-41040; https://nvd.nist.gov/vuln/detail/CVE-2022-41082,HIGH,MEDIUM,No exploit validation.,PARTIAL
microsoft_exchange_http_api_vulnerability,Product Potentially Impacted by PowerShell Remoting RCE,network_security,low,TESTABLE_WITH_ENRICHMENT,Identify exact product/component version via authenticated inventory/SBOM or high-confidence passive fingerprint and correlate it to vendor/NVD affected ranges.,"Endpoint, product/component/version/CPE evidence, fingerprint confidence, CVE/advisory revision and affected-range result.",Finding only when confirmed version/configuration is affected by the applicable Microsoft Exchange PowerShell remoting CVE/advisory; hidden/ambiguous versions are indeterminate and no exploit payload is sent.,FINGERPRINT+SBOM+CVE,"NVD/CPE, CISA KEV and vendor advisory",NVD / CISA / vendor advisory,https://nvd.nist.gov/; https://www.cisa.gov/known-exploited-vulnerabilities-catalog,HIGH,MEDIUM,No exploit validation.,PARTIAL
minecraft_server,Minecraft Server Accessible,network_security,medium,DIRECTLY_TESTABLE,"On approved ports/networks, perform a minimal non-authenticating Minecraft status ping exchange and stop after identification.","IP/port/transport, request type, protocol-valid response/magic/version, banner hash and stop reason.",Positive only when a protocol-valid Minecraft status ping response is received; TCP/UDP reachability alone is insufficient.,PROTOCOL_PROBE,None,Protocol/vendor specification,https://www.minecraft.net/en-us/article/minecraft-snapshot-13w41a,MEDIUM,HIGH,"No enumeration, login, commands or state changes.",PARTIAL
mysql_server_empty_password,MySQL Server Running with Empty Password,network_security,low,TESTABLE_WITH_ENRICHMENT,Use authenticated configuration/compliance evidence to determine whether any MySQL account has an empty authentication string; do not attempt password login over the network.,"Asset/database ID, configuration-query/control ID, account identifier hash, authentication-plugin state, collection time and attestation.",Finding when authorized local/configuration evidence confirms an enabled account with empty authentication credentials.,CONFIG_AUDIT,Authenticated database configuration evidence,MySQL vendor documentation / internal access policy,https://dev.mysql.com/doc/refman/8.4/en/account-management-statements.html,MEDIUM,HIGH,Network empty-password attempts are excluded by the no-credential-attack rule.,NOT_SUPPORTED
open_port,Open Port Discovered,network_security,info,DIRECTLY_TESTABLE,Attempt a bounded TCP connect to explicitly approved ports.,"Target identity, IP, port, connect result/error and elapsed time.","Positive observation when the TCP three-way handshake completes; report as exposure inventory, not vulnerability.",TCP,None,IANA registry / internal scan policy,https://www.iana.org/assignments/service-names-port-numbers/service-names-port-numbers.xhtml,LOW,HIGH,"The TCP executor gathers sufficient reachability evidence, but no active rule is linked to this SSC_API issue; support remains partial until the specific condition is evaluated.",PARTIAL
potentially_vulnerable_cisco_rv_320_325,Potentially Vulnerable Cisco RV320/RV325 Router,network_security,info,TESTABLE_WITH_ENRICHMENT,Identify exact product/component version via authenticated inventory/SBOM or high-confidence passive fingerprint and correlate it to vendor/NVD affected ranges.,"Endpoint, product/component/version/CPE evidence, fingerprint confidence, CVE/advisory revision and affected-range result.",Finding only when confirmed version/configuration is affected by the applicable Cisco RV320/RV325 CVEs/advisory; hidden/ambiguous versions are indeterminate and no exploit payload is sent.,FINGERPRINT+SBOM+CVE,"NVD/CPE, CISA KEV and vendor advisory",NVD / CISA / vendor advisory,https://nvd.nist.gov/; https://www.cisa.gov/known-exploited-vulnerabilities-catalog,HIGH,MEDIUM,No exploit validation.,PARTIAL
product_uses_vulnerable_log4j,Product Running Vulnerable Log4j Version,network_security,high,TESTABLE_WITH_ENRICHMENT,Identify exact product/component version via authenticated inventory/SBOM or high-confidence passive fingerprint and correlate it to vendor/NVD affected ranges.,"Endpoint, product/component/version/CPE evidence, fingerprint confidence, CVE/advisory revision and affected-range result.",Finding only when confirmed version/configuration is affected by CVE-2021-44228 and related Log4j advisories; hidden/ambiguous versions are indeterminate and no exploit payload is sent.,FINGERPRINT+SBOM+CVE,"NVD/CPE, CISA KEV and vendor advisory",NVD / CISA / vendor advisory,https://nvd.nist.gov/vuln/detail/CVE-2021-44228,HIGH,MEDIUM,No exploit validation.,PARTIAL
remote_access,Remote Access Service Observed,network_security,low,TESTABLE_WITH_ENRICHMENT,"Combine safe protocol handshakes with DNS, TLS and HTTP fingerprints and match them against a reviewed versioned product/provider signature catalog.","IP/port, protocol evidence, DNS/CNAME/ASN where applicable, TLS/HTTP indicators, matched product/provider, confidence and catalog version.",Positive only when independent indicators meet the catalog threshold for 'Remote Access Service Observed'; open port alone is insufficient.,TCP+HTTP+TLS+DNS_FINGERPRINT,Versioned product/provider signatures; vendor protocol documentation,Vendor documentation / protocol specifications,https://www.iana.org/assignments/service-names-port-numbers/service-names-port-numbers.xhtml; vendor documentation for matched product,HIGH,MEDIUM,Safe identification only; no login or exploit validation.,PARTIAL
service_cassandra,Apache Cassandra Service Observed,network_security,medium,DIRECTLY_TESTABLE,"Connect only to approved ports and perform a minimal, non-authenticating Cassandra native protocol exchange; do not enumerate data or change state.","IP, port, protocol request type, response code/magic/version, banner hash, TLS state and stop reason.",Positive observation only when the endpoint completes a valid Cassandra native protocol exchange; TCP-open alone is not sufficient.,PROTOCOL_PROBE+TCP,None,Apache Cassandra protocol documentation,https://cassandra.apache.org/doc/latest/cassandra/reference/native-protocol.html,MEDIUM,HIGH,Current executor records TCP-open but not the protocol handshake.,PARTIAL
service_cloud_provider,Cloud Provider Service Used,network_security,info,TESTABLE_WITH_ENRICHMENT,"Combine safe protocol handshakes with DNS, TLS and HTTP fingerprints and match them against a reviewed versioned product/provider signature catalog.","IP/port, protocol evidence, DNS/CNAME/ASN where applicable, TLS/HTTP indicators, matched product/provider, confidence and catalog version.",Positive only when independent indicators meet the catalog threshold for 'Cloud Provider Service Used'; open port alone is insufficient.,TCP+HTTP+TLS+DNS_FINGERPRINT,Versioned product/provider signatures; vendor protocol documentation,Vendor documentation / protocol specifications,https://www.iana.org/assignments/service-names-port-numbers/service-names-port-numbers.xhtml; vendor documentation for matched product,HIGH,MEDIUM,Safe identification only; no login or exploit validation.,PARTIAL
service_couchdb,Apache CouchDB Service Observed,network_security,medium,DIRECTLY_TESTABLE,"Connect only to approved ports and perform a minimal, non-authenticating CouchDB HTTP API exchange; do not enumerate data or change state.","IP, port, protocol request type, response code/magic/version, banner hash, TLS state and stop reason.",Positive observation only when the endpoint completes a valid CouchDB HTTP API exchange; TCP-open alone is not sufficient.,PROTOCOL_PROBE+TCP,None,Apache CouchDB API,https://docs.couchdb.org/en/stable/api/index.html,MEDIUM,HIGH,Current executor records TCP-open but not the protocol handshake.,PARTIAL
service_dns,DNS Server Accessible,network_security,medium,DIRECTLY_TESTABLE,"Connect only to approved ports and perform a minimal, non-authenticating DNS query exchange; do not enumerate data or change state.","IP, port, protocol request type, response code/magic/version, banner hash, TLS state and stop reason.",Positive observation only when the endpoint completes a valid DNS query exchange; TCP-open alone is not sufficient.,PROTOCOL_PROBE+TCP,None,IETF RFC,https://www.rfc-editor.org/rfc/rfc1035.html,MEDIUM,HIGH,Current executor records TCP-open but not the protocol handshake.,PARTIAL
service_elasticsearch,Elasticsearch Service Observed,network_security,medium,DIRECTLY_TESTABLE,"Connect only to approved ports and perform a minimal, non-authenticating Elasticsearch HTTP API exchange; do not enumerate data or change state.","IP, port, protocol request type, response code/magic/version, banner hash, TLS state and stop reason.",Positive observation only when the endpoint completes a valid Elasticsearch HTTP API exchange; TCP-open alone is not sufficient.,PROTOCOL_PROBE+TCP,None,Elastic vendor API,https://www.elastic.co/guide/en/elasticsearch/reference/current/rest-apis.html,MEDIUM,HIGH,Current executor records TCP-open but not the protocol handshake.,PARTIAL
service_ftp,FTP Service Observed,network_security,medium,DIRECTLY_TESTABLE,"Connect only to approved ports and perform a minimal, non-authenticating FTP greeting/FEAT exchange; do not enumerate data or change state.","IP, port, protocol request type, response code/magic/version, banner hash, TLS state and stop reason.",Positive observation only when the endpoint completes a valid FTP greeting/FEAT exchange; TCP-open alone is not sufficient.,PROTOCOL_PROBE+TCP,None,IETF RFC,https://www.rfc-editor.org/rfc/rfc959.html,MEDIUM,HIGH,Current executor records TCP-open but not the protocol handshake.,PARTIAL
service_http_proxy,HTTP Proxy Service Detected,network_security,medium,DIRECTLY_TESTABLE,"Connect only to approved ports and perform a minimal, non-authenticating HTTP proxy semantics exchange; do not enumerate data or change state.","IP, port, protocol request type, response code/magic/version, banner hash, TLS state and stop reason.",Positive observation only when the endpoint completes a valid HTTP proxy semantics exchange; TCP-open alone is not sufficient.,PROTOCOL_PROBE+TCP,None,IETF RFC,https://www.rfc-editor.org/rfc/rfc9110.html,MEDIUM,HIGH,Current executor records TCP-open but not the protocol handshake.,PARTIAL
service_imap,IMAP Service Observed,network_security,medium,DIRECTLY_TESTABLE,"Connect only to approved ports and perform a minimal, non-authenticating IMAP greeting/CAPABILITY exchange; do not enumerate data or change state.","IP, port, protocol request type, response code/magic/version, banner hash, TLS state and stop reason.",Positive observation only when the endpoint completes a valid IMAP greeting/CAPABILITY exchange; TCP-open alone is not sufficient.,PROTOCOL_PROBE+TCP,None,IETF RFC,https://www.rfc-editor.org/rfc/rfc9051.html,MEDIUM,HIGH,Current executor records TCP-open but not the protocol handshake.,PARTIAL
service_ldap,LDAP Server Accessible,network_security,medium,DIRECTLY_TESTABLE,"Connect only to approved ports and perform a minimal, non-authenticating LDAP Bind/root DSE exchange; do not enumerate data or change state.","IP, port, protocol request type, response code/magic/version, banner hash, TLS state and stop reason.",Positive observation only when the endpoint completes a valid LDAP Bind/root DSE exchange; TCP-open alone is not sufficient.,PROTOCOL_PROBE+TCP,None,IETF RFC,https://www.rfc-editor.org/rfc/rfc4511.html,MEDIUM,HIGH,Current executor records TCP-open but not the protocol handshake.,PARTIAL
service_ldap_anonymous,LDAP Server Allows Anonymous Binding,network_security,medium,DIRECTLY_TESTABLE,"Connect only to approved ports and perform a minimal, non-authenticating LDAP anonymous Bind/root DSE exchange; do not enumerate data or change state. For anonymous LDAP, send an anonymous bind and bounded root-DSE query only.","IP, port, protocol request type, response code/magic/version, banner hash, TLS state and stop reason.",Finding when anonymous Bind succeeds and the bounded root-DSE query returns data.,PROTOCOL_PROBE+TCP,None,IETF RFC,https://www.rfc-editor.org/rfc/rfc4511.html,MEDIUM,HIGH,Current executor records TCP-open but not the protocol handshake.,PARTIAL
service_microsoft_sql,Microsoft SQL Server Service Observed,network_security,medium,DIRECTLY_TESTABLE,"Connect only to approved ports and perform a minimal, non-authenticating TDS pre-login exchange; do not enumerate data or change state.","IP, port, protocol request type, response code/magic/version, banner hash, TLS state and stop reason.",Positive observation only when the endpoint completes a valid TDS pre-login exchange; TCP-open alone is not sufficient.,PROTOCOL_PROBE+TCP,None,Microsoft Open Specifications,https://learn.microsoft.com/en-us/openspecs/windows_protocols/ms-tds/,MEDIUM,HIGH,Current executor records TCP-open but not the protocol handshake.,PARTIAL
service_mongodb,MongoDB Service Observed,network_security,medium,DIRECTLY_TESTABLE,"Connect only to approved ports and perform a minimal, non-authenticating MongoDB hello command exchange; do not enumerate data or change state.","IP, port, protocol request type, response code/magic/version, banner hash, TLS state and stop reason.",Positive observation only when the endpoint completes a valid MongoDB hello command exchange; TCP-open alone is not sufficient.,PROTOCOL_PROBE+TCP,None,MongoDB wire protocol,https://www.mongodb.com/docs/manual/reference/mongodb-wire-protocol/,MEDIUM,HIGH,Current executor records TCP-open but not the protocol handshake.,PARTIAL
service_mysql,MySQL Service Observed,network_security,medium,DIRECTLY_TESTABLE,"Connect only to approved ports and perform a minimal, non-authenticating MySQL initial handshake exchange; do not enumerate data or change state.","IP, port, protocol request type, response code/magic/version, banner hash, TLS state and stop reason.",Positive observation only when the endpoint completes a valid MySQL initial handshake exchange; TCP-open alone is not sufficient.,PROTOCOL_PROBE+TCP,None,MySQL protocol documentation,https://dev.mysql.com/doc/dev/mysql-server/latest/page_protocol_connection_phase.html,MEDIUM,HIGH,Current executor records TCP-open but not the protocol handshake.,PARTIAL
service_neo4j,Neo4j Database Accessible,network_security,info,DIRECTLY_TESTABLE,"Connect only to approved ports and perform a minimal, non-authenticating Bolt handshake exchange; do not enumerate data or change state.","IP, port, protocol request type, response code/magic/version, banner hash, TLS state and stop reason.",Positive observation only when the endpoint completes a valid Bolt handshake exchange; TCP-open alone is not sufficient.,PROTOCOL_PROBE+TCP,None,Neo4j Bolt specification,https://neo4j.com/docs/bolt/current/bolt/,MEDIUM,HIGH,Current executor records TCP-open but not the protocol handshake.,PARTIAL
service_netbus_remote_access,NetBus Remote Access Service Detected,network_security,info,EXTERNAL_DATA_REQUIRED,Correlate approved threat-intelligence indicators and internal network detection events to the in-scope asset and observation time.,"Indicator/event ID, IP/port, classification, first/last seen, traffic direction, confidence and dataset/signature version.",Finding only when provenance-bearing intelligence or protocol-aware telemetry explicitly supports 'NetBus Remote Access Service Detected'; do not classify from a generic banner or port.,EXTERNAL_INTEL_INGEST,Approved C2/signature intelligence and internal IDS/flow telemetry,Reputable threat-intelligence source / internal telemetry,https://attack.mitre.org/; https://www.misp-project.org/,MEDIUM,MEDIUM,These identities/traffic claims are not reliably established by a safe one-shot perimeter probe.,NOT_SUPPORTED
service_networking,Networking Service Observed,network_security,medium,NOT_REPRODUCIBLE,"Do not implement a detector without a public, testable definition.",No independent deterministic observation has been identified.,Exclude from rule catalog unless a future credible method and evidence contract are approved.,None,None,Undocumented SSC methodology,SSC taxonomy only; no public detection specification identified,HIGH,LOW,The title is too broad to define a falsifiable service condition; map a future issue to a specific protocol before implementation.,NOT_SUPPORTED
service_open_vpn,OpenVPN Device Accessible,network_security,medium,TESTABLE_WITH_ENRICHMENT,"Correlate approved TCP/UDP observations with versioned OpenVPN fingerprints or authoritative asset/configuration inventory; do not send authentication material.","IP, port, transport, bounded probe/response transcript hash, fingerprint-set version, inventory provenance and confidence.",Positive only when a reviewed fingerprint uniquely identifies OpenVPN or authoritative inventory confirms the service; silence or an open port is indeterminate.,PROTOCOL_PROBE+PRODUCT_FINGERPRINT,Versioned OpenVPN fingerprint set or authoritative asset/configuration inventory,OpenVPN vendor documentation / internal asset inventory,https://openvpn.net/community-resources/reference-manual-for-openvpn-2-6/,HIGH,MEDIUM,"OpenVPN can intentionally remain silent to unauthenticated probes, so a generic response exchange is not a reliable universal detector.",PARTIAL
service_oracle_db,Oracle Database Server Accessible,network_security,medium,DIRECTLY_TESTABLE,"Connect only to approved ports and perform a minimal, non-authenticating Oracle Net/TNS negotiation exchange; do not enumerate data or change state.","IP, port, protocol request type, response code/magic/version, banner hash, TLS state and stop reason.",Positive observation only when the endpoint completes a valid Oracle Net/TNS negotiation exchange; TCP-open alone is not sufficient.,PROTOCOL_PROBE+TCP,None,Oracle Net documentation,https://docs.oracle.com/en/database/oracle/oracle-database/,MEDIUM,HIGH,Current executor records TCP-open but not the protocol handshake.,PARTIAL
service_oracle_registry,Oracle Service Registry Detected,network_security,info,TESTABLE_WITH_ENRICHMENT,"Collect bounded HTTP/UDDI responses from approved endpoints and correlate multiple stable identifiers with a versioned Oracle Service Registry fingerprint set or authoritative inventory.","IP, port, URL, response status, selected header/body hashes, UDDI behavior, fingerprint-set version and inventory provenance.",Positive only when multiple reviewed product-specific indicators or authoritative inventory identify Oracle Service Registry; a generic UDDI/SOAP endpoint is insufficient.,HTTP+PRODUCT_FINGERPRINT,Versioned Oracle Service Registry fingerprints or authoritative asset inventory,Oracle vendor documentation / OASIS UDDI,https://docs.oracle.com/; https://www.oasis-open.org/standards#uddiv3.0.2,MEDIUM,MEDIUM,"No unique public wire-level handshake was identified; a generic service/banner probe would detect only a proxy condition.",PARTIAL
service_pop3,POP3 Service Observed,network_security,medium,DIRECTLY_TESTABLE,"Connect only to approved ports and perform a minimal, non-authenticating POP3 greeting/CAPA exchange; do not enumerate data or change state.","IP, port, protocol request type, response code/magic/version, banner hash, TLS state and stop reason.",Positive observation only when the endpoint completes a valid POP3 greeting/CAPA exchange; TCP-open alone is not sufficient.,PROTOCOL_PROBE+TCP,None,IETF RFC,https://www.rfc-editor.org/rfc/rfc1939.html,MEDIUM,HIGH,Current executor records TCP-open but not the protocol handshake.,PARTIAL
service_postgresql,PostgreSQL Service Observed,network_security,medium,DIRECTLY_TESTABLE,"Connect only to approved ports and perform a minimal, non-authenticating PostgreSQL startup/SSLRequest response exchange; do not enumerate data or change state.","IP, port, protocol request type, response code/magic/version, banner hash, TLS state and stop reason.",Positive observation only when the endpoint completes a valid PostgreSQL startup/SSLRequest response exchange; TCP-open alone is not sufficient.,PROTOCOL_PROBE+TCP,None,PostgreSQL protocol documentation,https://www.postgresql.org/docs/current/protocol.html,MEDIUM,HIGH,Current executor records TCP-open but not the protocol handshake.,PARTIAL
service_pptp,PPTP Service Accessible,network_security,medium,DIRECTLY_TESTABLE,"Connect only to approved ports and perform a minimal, non-authenticating PPTP control handshake exchange; do not enumerate data or change state.","IP, port, protocol request type, response code/magic/version, banner hash, TLS state and stop reason.",Positive observation only when the endpoint completes a valid PPTP control handshake exchange; TCP-open alone is not sufficient.,PROTOCOL_PROBE+TCP,None,IETF RFC,https://www.rfc-editor.org/rfc/rfc2637.html,MEDIUM,HIGH,Current executor records TCP-open but not the protocol handshake.,PARTIAL
service_pulse_vpn,Pulse Connect Secure VPN Product Observed,network_security,medium,TESTABLE_WITH_ENRICHMENT,"Combine safe protocol handshakes with DNS, TLS and HTTP fingerprints and match them against a reviewed versioned product/provider signature catalog.","IP/port, protocol evidence, DNS/CNAME/ASN where applicable, TLS/HTTP indicators, matched product/provider, confidence and catalog version.",Positive only when independent indicators meet the catalog threshold for 'Pulse Connect Secure VPN Product Observed'; open port alone is insufficient.,TCP+HTTP+TLS+DNS_FINGERPRINT,Versioned product/provider signatures; vendor protocol documentation,Vendor documentation / protocol specifications,https://www.iana.org/assignments/service-names-port-numbers/service-names-port-numbers.xhtml; vendor documentation for matched product,HIGH,MEDIUM,Safe identification only; no login or exploit validation.,PARTIAL
service_rdp,RDP Service Observed,network_security,medium,DIRECTLY_TESTABLE,"Connect only to approved ports and perform a minimal, non-authenticating RDP negotiation request exchange; do not enumerate data or change state.","IP, port, protocol request type, response code/magic/version, banner hash, TLS state and stop reason.",Positive observation only when the endpoint completes a valid RDP negotiation request exchange; TCP-open alone is not sufficient.,PROTOCOL_PROBE+TCP,None,Microsoft Open Specifications,https://learn.microsoft.com/en-us/openspecs/windows_protocols/ms-rdpbcgr/,MEDIUM,HIGH,Current executor records TCP-open but not the protocol handshake.,PARTIAL
service_redis,Redis Service Observed,network_security,medium,DIRECTLY_TESTABLE,"Connect only to approved ports and perform a minimal, non-authenticating RESP PING/HELLO exchange; do not enumerate data or change state.","IP, port, protocol request type, response code/magic/version, banner hash, TLS state and stop reason.",Positive observation only when the endpoint completes a valid RESP PING/HELLO exchange; TCP-open alone is not sufficient.,PROTOCOL_PROBE+TCP,None,Redis protocol specification,https://redis.io/docs/latest/develop/reference/protocol-spec/,MEDIUM,HIGH,Current executor records TCP-open but not the protocol handshake.,PARTIAL
service_rsync,rsync Service Observed,network_security,medium,DIRECTLY_TESTABLE,"Connect only to approved ports and perform a minimal, non-authenticating rsync daemon greeting exchange; do not enumerate data or change state.","IP, port, protocol request type, response code/magic/version, banner hash, TLS state and stop reason.",Positive observation only when the endpoint completes a valid rsync daemon greeting exchange; TCP-open alone is not sufficient.,PROTOCOL_PROBE+TCP,None,Samba rsync documentation,https://download.samba.org/pub/rsync/rsync.1,MEDIUM,HIGH,Current executor records TCP-open but not the protocol handshake.,PARTIAL
service_smb,SMB Service Observed,network_security,medium,DIRECTLY_TESTABLE,"Connect only to approved ports and perform a minimal, non-authenticating SMB2 negotiate exchange; do not enumerate data or change state.","IP, port, protocol request type, response code/magic/version, banner hash, TLS state and stop reason.",Positive observation only when the endpoint completes a valid SMB2 negotiate exchange; TCP-open alone is not sufficient.,PROTOCOL_PROBE+TCP,None,Microsoft Open Specifications,https://learn.microsoft.com/en-us/openspecs/windows_protocols/ms-smb2/,MEDIUM,HIGH,Current executor records TCP-open but not the protocol handshake.,PARTIAL
service_soap,SOAP Server Accessible,network_security,medium,DIRECTLY_TESTABLE,"Connect only to approved ports and perform a minimal, non-authenticating HTTP SOAP/WSDL identification exchange; do not enumerate data or change state.","IP, port, protocol request type, response code/magic/version, banner hash, TLS state and stop reason.",Positive observation only when the endpoint completes a valid HTTP SOAP/WSDL identification exchange; TCP-open alone is not sufficient.,PROTOCOL_PROBE+TCP,None,W3C SOAP specification,https://www.w3.org/TR/soap12-part1/,MEDIUM,HIGH,Current executor records TCP-open but not the protocol handshake.,PARTIAL
service_socks_proxy,SOCKS Proxy Service Detected,network_security,low,DIRECTLY_TESTABLE,"Connect only to approved ports and perform a minimal, non-authenticating SOCKS method negotiation exchange; do not enumerate data or change state.","IP, port, protocol request type, response code/magic/version, banner hash, TLS state and stop reason.",Positive observation only when the endpoint completes a valid SOCKS method negotiation exchange; TCP-open alone is not sufficient.,PROTOCOL_PROBE+TCP,None,IETF RFC,https://www.rfc-editor.org/rfc/rfc1928.html,MEDIUM,HIGH,Current executor records TCP-open but not the protocol handshake.,PARTIAL
service_telnet,Telnet Service Observed,network_security,medium,DIRECTLY_TESTABLE,"Connect only to approved ports and perform a minimal, non-authenticating Telnet option negotiation exchange; do not enumerate data or change state.","IP, port, protocol request type, response code/magic/version, banner hash, TLS state and stop reason.",Positive observation only when the endpoint completes a valid Telnet option negotiation exchange; TCP-open alone is not sufficient.,PROTOCOL_PROBE+TCP,None,IETF RFC,https://www.rfc-editor.org/rfc/rfc854.html,MEDIUM,HIGH,Current executor records TCP-open but not the protocol handshake.,PARTIAL
service_vnc,VNC Service Observed,network_security,medium,DIRECTLY_TESTABLE,"Connect only to approved ports and perform a minimal, non-authenticating RFB protocol version greeting exchange; do not enumerate data or change state.","IP, port, protocol request type, response code/magic/version, banner hash, TLS state and stop reason.",Positive observation only when the endpoint completes a valid RFB protocol version greeting exchange; TCP-open alone is not sufficient.,PROTOCOL_PROBE+TCP,None,IETF RFC,https://www.rfc-editor.org/rfc/rfc6143.html,MEDIUM,HIGH,Current executor records TCP-open but not the protocol handshake.,PARTIAL
sql_payload_using_tor_proxy_detected,SQL Payload Using Tor proxy Detected,network_security,info,EXTERNAL_DATA_REQUIRED,Correlate approved threat-intelligence indicators and internal network detection events to the in-scope asset and observation time.,"Indicator/event ID, IP/port, classification, first/last seen, traffic direction, confidence and dataset/signature version.",Finding only when provenance-bearing intelligence or protocol-aware telemetry explicitly supports 'SQL Payload Using Tor proxy Detected'; do not classify from a generic banner or port.,EXTERNAL_INTEL_INGEST,Tor signed consensus plus internal flow/IDS evidence,Reputable threat-intelligence source / internal telemetry,https://spec.torproject.org/dir-spec/publishing-consensus.html,MEDIUM,MEDIUM,These identities/traffic claims are not reliably established by a safe one-shot perimeter probe.,NOT_SUPPORTED
ssh_weak_cipher,SSH Supports Weak Cipher,network_security,medium,DIRECTLY_TESTABLE,"Perform SSH version exchange and algorithm negotiation enumeration without authentication, then compare offers with a versioned internal cryptographic policy.","Port, server identification, offered encryption algorithms, negotiated-none result, policy version and timestamp.",Finding when the server offers a encryption algorithm explicitly disallowed by policy; do not attempt authentication.,SSH,None,IETF RFC / internal cryptographic policy,https://www.rfc-editor.org/rfc/rfc4253.html,MEDIUM,HIGH,Current TCP executor does not perform SSH negotiation.,PARTIAL
ssh_weak_mac,SSH Supports Weak MAC,network_security,medium,DIRECTLY_TESTABLE,"Perform SSH version exchange and algorithm negotiation enumeration without authentication, then compare offers with a versioned internal cryptographic policy.","Port, server identification, offered MAC algorithms, negotiated-none result, policy version and timestamp.",Finding when the server offers a MAC algorithm explicitly disallowed by policy; do not attempt authentication.,SSH,None,IETF RFC / internal cryptographic policy,https://www.rfc-editor.org/rfc/rfc4253.html,MEDIUM,HIGH,Current TCP executor does not perform SSH negotiation.,PARTIAL
ssh_weak_protocol,SSH Software Supports Vulnerable Protocol,network_security,medium,DIRECTLY_TESTABLE,"Perform SSH version exchange and algorithm negotiation enumeration without authentication, then compare offers with a versioned internal cryptographic policy.","Port, server identification, offered SSH protocol versions, negotiated-none result, policy version and timestamp.",Finding when the server offers a SSH protocol version explicitly disallowed by policy; do not attempt authentication.,SSH,None,IETF RFC / internal cryptographic policy,https://www.rfc-editor.org/rfc/rfc4253.html,MEDIUM,HIGH,Current TCP executor does not perform SSH negotiation.,PARTIAL
telephony,Telephony/VoIP Device Accessible,network_security,info,DIRECTLY_TESTABLE,"On approved ports/networks, perform a minimal non-authenticating SIP OPTIONS exchange and stop after identification.","IP/port/transport, request type, protocol-valid response/magic/version, banner hash and stop reason.",Positive only when a protocol-valid SIP OPTIONS response is received; TCP/UDP reachability alone is insufficient.,PROTOCOL_PROBE,None,Protocol/vendor specification,https://www.rfc-editor.org/rfc/rfc3261.html,MEDIUM,HIGH,"No enumeration, login, commands or state changes.",PARTIAL
tls_ocsp_stapling,"TLS Certificate Status Request (""OCSP Stapling"") Detected",network_security,info,DIRECTLY_TESTABLE,Request status_request in the TLS ClientHello and parse a stapled OCSP response.,"OCSP response bytes hash, responder status, thisUpdate/nextUpdate and signature validation.","Positive observation when a valid, current stapled OCSP response is returned; absence is recorded separately, not automatically a vulnerability.",TLS,None,NIST / IETF PKIX,https://csrc.nist.gov/pubs/sp/800/52/r2/final; https://www.rfc-editor.org/rfc/rfc8996.html; https://www.rfc-editor.org/rfc/rfc5280.html; https://www.rfc-editor.org/rfc/rfc6960.html,MEDIUM,HIGH,Use source metadata independently; do not map SSC severity into internal scoring.,PARTIAL
tls_weak_cipher,TLS Service Supports Weak Cipher Suite,network_security,medium,DIRECTLY_TESTABLE,Enumerate accepted TLS cipher suites with bounded handshakes and compare to NIST/internal policy.,"Accepted protocol/cipher pairs, key-exchange/authentication properties and policy version.",Finding when any accepted suite is disallowed by the pinned cryptographic policy.,TLS,None,NIST / IETF PKIX,https://csrc.nist.gov/pubs/sp/800/52/r2/final; https://www.rfc-editor.org/rfc/rfc8996.html; https://www.rfc-editor.org/rfc/rfc5280.html; https://www.rfc-editor.org/rfc/rfc6960.html,MEDIUM,HIGH,Use source metadata independently; do not map SSC severity into internal scoring.,PARTIAL
tls_weak_protocol,SSL/TLS Service Supports Weak Protocol,network_security,high,DIRECTLY_TESTABLE,Attempt bounded handshakes for SSLv2/SSLv3/TLS 1.0/TLS 1.1 and approved modern controls.,Per-port protocol acceptance result and handshake error class.,Finding when any deprecated SSL/TLS version is accepted; unknown transport failure is indeterminate.,TLS,None,NIST / IETF PKIX,https://csrc.nist.gov/pubs/sp/800/52/r2/final; https://www.rfc-editor.org/rfc/rfc8996.html; https://www.rfc-editor.org/rfc/rfc5280.html; https://www.rfc-editor.org/rfc/rfc6960.html,MEDIUM,HIGH,Use source metadata independently; do not map SSC severity into internal scoring.,PARTIAL
tlscert_excessive_expiration,Certificate Lifetime Is Longer Than Best Practices,network_security,low,TESTABLE_WITH_ENRICHMENT,Parse certificate notBefore/notAfter and compare lifetime with a versioned CA/B Forum requirements schedule applicable on the issuance date.,"Certificate fingerprint, validity endpoints, computed lifetime, issuance time, policy source/version and applicable maximum.",Finding when lifetime exceeds the CA/B Forum maximum applicable at issuance; non-public or policy-exempt certificates are evaluated separately or marked not applicable.,TLS_CERTIFICATE+POLICY_ENRICHMENT,Versioned CA/B Forum Baseline Requirements history and certificate applicability policy,CA/B Forum / IETF PKIX,https://cabforum.org/working-groups/server/baseline-requirements/requirements/; https://www.rfc-editor.org/rfc/rfc5280.html,MEDIUM,HIGH,"The certificate dates are direct evidence, but the correct maximum changed over time and cannot be inferred from a timeless threshold.",PARTIAL
tlscert_expired,Certificate Is Expired,network_security,low,DIRECTLY_TESTABLE,Parse certificate notAfter during a TLS handshake.,"Certificate fingerprint, notAfter, validation time and days to expiry.",Finding when notAfter is earlier than validation time.,TLS,None,NIST / IETF PKIX,https://csrc.nist.gov/pubs/sp/800/52/r2/final; https://www.rfc-editor.org/rfc/rfc8996.html; https://www.rfc-editor.org/rfc/rfc5280.html; https://www.rfc-editor.org/rfc/rfc6960.html,LOW,HIGH,"The TLS executor gathers sufficient expiry evidence, but no active rule is linked to this SSC_API issue; support remains partial until the specific condition is evaluated.",PARTIAL
tlscert_no_revocation,Certificate Without Revocation Control,network_security,low,DIRECTLY_TESTABLE,Parse CRL Distribution Points and Authority Information Access/OCSP extensions from the chain.,Certificate fingerprint and normalized CRL/OCSP endpoints; endpoint values may be hashed in reports.,Finding when policy requires revocation controls and neither CRL nor OCSP information is present; account for short-lived-certificate policy.,TLS,None,NIST / IETF PKIX,https://csrc.nist.gov/pubs/sp/800/52/r2/final; https://www.rfc-editor.org/rfc/rfc8996.html; https://www.rfc-editor.org/rfc/rfc5280.html; https://www.rfc-editor.org/rfc/rfc6960.html,MEDIUM,HIGH,Use source metadata independently; do not map SSC severity into internal scoring.,PARTIAL
tlscert_revoked,Certificate Is Revoked,network_security,high,TESTABLE_WITH_ENRICHMENT,Validate the chain and query/cache the issuing CA's OCSP responder or CRL with signature and freshness checks.,"Certificate/issuer fingerprints, authoritative OCSP/CRL URI and response hash, status, thisUpdate/nextUpdate, signer validation and retrieval result.",Finding only when a fresh cryptographically valid authoritative response says revoked; good means not reported revoked and unknown/network failure is indeterminate.,TLS_CERTIFICATE+REVOCATION_ENRICHMENT,Authoritative CA OCSP/CRL data and trust material,IETF PKIX / OCSP,https://www.rfc-editor.org/rfc/rfc5280.html; https://www.rfc-editor.org/rfc/rfc6960.html; https://www.rfc-editor.org/rfc/rfc9325.html,HIGH,HIGH,"Revocation is not contained in the server handshake unless a valid staple is present; authoritative external status data is normally required.",PARTIAL
tlscert_self_signed,Certificate Is Self-Signed,network_security,low,DIRECTLY_TESTABLE,"Compare leaf issuer/subject and verify its signature with its own public key, then separately perform trust-path validation.","Leaf fingerprint, issuer/subject equality, self-signature result and trust-path result.",Finding when the leaf is cryptographically self-signed and internal policy does not explicitly trust it.,TLS,None,NIST / IETF PKIX,https://csrc.nist.gov/pubs/sp/800/52/r2/final; https://www.rfc-editor.org/rfc/rfc8996.html; https://www.rfc-editor.org/rfc/rfc5280.html; https://www.rfc-editor.org/rfc/rfc6960.html,MEDIUM,HIGH,Use source metadata independently; do not map SSC severity into internal scoring.,PARTIAL
tlscert_weak_signature,Certificate Signed With Weak Algorithm,network_security,low,DIRECTLY_TESTABLE,Parse every served chain certificate signature algorithm and compare to cryptographic policy.,"Chain position/fingerprint, signature OID/hash, key parameters and policy version.",Finding when any policy-covered certificate uses a disallowed signature algorithm such as MD5 or SHA-1.,TLS,None,NIST / IETF PKIX,https://csrc.nist.gov/pubs/sp/800/52/r2/final; https://www.rfc-editor.org/rfc/rfc8996.html; https://www.rfc-editor.org/rfc/rfc5280.html; https://www.rfc-editor.org/rfc/rfc6960.html,LOW,HIGH,Use source metadata independently; do not map SSC severity into internal scoring.,PARTIAL
tor_server,TOR Server Detected,network_security,high,EXTERNAL_DATA_REQUIRED,Correlate approved threat-intelligence indicators and internal network detection events to the in-scope asset and observation time.,"Indicator/event ID, IP/port, classification, first/last seen, traffic direction, confidence and dataset/signature version.",Finding only when provenance-bearing intelligence or protocol-aware telemetry explicitly supports 'TOR Server Detected'; do not classify from a generic banner or port.,EXTERNAL_INTEL_INGEST,Tor signed consensus plus internal flow/IDS evidence,Reputable threat-intelligence source / internal telemetry,https://spec.torproject.org/dir-spec/publishing-consensus.html,MEDIUM,MEDIUM,These identities/traffic claims are not reliably established by a safe one-shot perimeter probe.,NOT_SUPPORTED
tor_traffic_detected,Tor Traffic Detected,network_security,low,EXTERNAL_DATA_REQUIRED,Correlate approved threat-intelligence indicators and internal network detection events to the in-scope asset and observation time.,"Indicator/event ID, IP/port, classification, first/last seen, traffic direction, confidence and dataset/signature version.",Finding only when provenance-bearing intelligence or protocol-aware telemetry explicitly supports 'Tor Traffic Detected'; do not classify from a generic banner or port.,EXTERNAL_INTEL_INGEST,Tor signed consensus plus internal flow/IDS evidence,Reputable threat-intelligence source / internal telemetry,https://spec.torproject.org/dir-spec/publishing-consensus.html,MEDIUM,MEDIUM,These identities/traffic claims are not reliably established by a safe one-shot perimeter probe.,NOT_SUPPORTED
upnp_accessible,UPnP Accessible,network_security,medium,DIRECTLY_TESTABLE,"On approved ports/networks, perform a minimal non-authenticating bounded SSDP M-SEARCH and device-description GET exchange and stop after identification.","IP/port/transport, request type, protocol-valid response/magic/version, banner hash and stop reason.",Positive only when a protocol-valid bounded SSDP M-SEARCH and device-description GET response is received; TCP/UDP reachability alone is insufficient.,PROTOCOL_PROBE,None,Protocol/vendor specification,https://openconnectivity.org/developer/specifications/upnp-resources/upnp/,MEDIUM,HIGH,"No enumeration, login, commands or state changes.",PARTIAL
uses_go_daddy_infrastructure,Website Uses GoDaddy TLS Certificates,network_security,info,TESTABLE_WITH_ENRICHMENT,Validate the TLS chain and correlate SPKI/issuer identifiers with a versioned GoDaddy certificate-repository dataset.,"Certificate/chain fingerprints, issuer/SPKI identities, trust result, repository snapshot hash and match provenance.",Positive only when a validated chain matches a reviewed GoDaddy CA identity in the versioned dataset; organization ownership or breach impact is not inferred.,TLS_CERTIFICATE+CA_REGISTRY_ENRICHMENT,Versioned GoDaddy CA certificate/identifier registry,CA/B Forum / vendor certificate documentation,https://certs.godaddy.com/repository,MEDIUM,HIGH,"Issuer text alone is spoofable and CA hierarchies change; attribution requires a maintained identifier set.",PARTIAL
patching_analysis_high,High-severity CVE patching analyzed,patching_cadence,info,TESTABLE_WITH_ENRICHMENT,"For each confidently identified product/version, correlate current NVD/vendor CVEs and calculate an internal evidence summary for the named CVSS band.","Asset/product/version evidence, CVE IDs, CVSS version/vector/base band, advisory/data revisions and observation time.","Analysis present when at least one product has sufficient version evidence to evaluate high-band CVEs; publish counts and unknowns, not an SSC-equivalent score.",FINGERPRINT+SBOM+CVE_ANALYTICS,NVD/CPE and vendor advisories,NVD / vendor advisory,https://nvd.nist.gov/; https://csrc.nist.gov/pubs/ir/7695/final,HIGH,MEDIUM,"This defines an independent internal analysis, not SSC patching methodology.",NOT_SUPPORTED
patching_analysis_low,Low-severity CVE patching analyzed,patching_cadence,info,TESTABLE_WITH_ENRICHMENT,"For each confidently identified product/version, correlate current NVD/vendor CVEs and calculate an internal evidence summary for the named CVSS band.","Asset/product/version evidence, CVE IDs, CVSS version/vector/base band, advisory/data revisions and observation time.","Analysis present when at least one product has sufficient version evidence to evaluate low-band CVEs; publish counts and unknowns, not an SSC-equivalent score.",FINGERPRINT+SBOM+CVE_ANALYTICS,NVD/CPE and vendor advisories,NVD / vendor advisory,https://nvd.nist.gov/; https://csrc.nist.gov/pubs/ir/7695/final,HIGH,MEDIUM,"This defines an independent internal analysis, not SSC patching methodology.",NOT_SUPPORTED
patching_analysis_medium,Medium-severity CVE patching analyzed,patching_cadence,info,TESTABLE_WITH_ENRICHMENT,"For each confidently identified product/version, correlate current NVD/vendor CVEs and calculate an internal evidence summary for the named CVSS band.","Asset/product/version evidence, CVE IDs, CVSS version/vector/base band, advisory/data revisions and observation time.","Analysis present when at least one product has sufficient version evidence to evaluate medium-band CVEs; publish counts and unknowns, not an SSC-equivalent score.",FINGERPRINT+SBOM+CVE_ANALYTICS,NVD/CPE and vendor advisories,NVD / vendor advisory,https://nvd.nist.gov/; https://csrc.nist.gov/pubs/ir/7695/final,HIGH,MEDIUM,"This defines an independent internal analysis, not SSC patching methodology.",NOT_SUPPORTED
patching_cadence_high,High Severity CVEs Patching Cadence,patching_cadence,info,TESTABLE_WITH_ENRICHMENT,Persist versioned product/CVE observations over time and calculate days from authoritative fix publication (or first confirmed observation) to first confirmed remediated observation.,"Asset/product/version, CVE, CVSS version/vector/band, vendor fix date, first-vulnerable seen, first-remediated seen, observation gaps and dataset revisions.",Compute an internal cadence metric for high-band vulnerabilities only when both vulnerability and remediation transitions are evidenced; report censored/unknown intervals explicitly.,LONGITUDINAL_FINGERPRINT+SBOM+CVE,"Historical observations, NVD/CPE and vendor advisories",NVD / vendor advisory / internal policy,https://nvd.nist.gov/; https://csrc.nist.gov/pubs/ir/7695/final,HIGH,MEDIUM,"Do not claim equivalence to SSC windows, aggregation or scoring.",NOT_SUPPORTED
patching_cadence_info,Vulnerabilities observed,patching_cadence,info,TESTABLE_WITH_ENRICHMENT,Persist versioned product/CVE observations over time and calculate days from authoritative fix publication (or first confirmed observation) to first confirmed remediated observation.,"Asset/product/version, CVE, CVSS version/vector/band, vendor fix date, first-vulnerable seen, first-remediated seen, observation gaps and dataset revisions.",Compute an internal cadence metric for all-band vulnerabilities only when both vulnerability and remediation transitions are evidenced; report censored/unknown intervals explicitly.,LONGITUDINAL_FINGERPRINT+SBOM+CVE,"Historical observations, NVD/CPE and vendor advisories",NVD / vendor advisory / internal policy,https://nvd.nist.gov/; https://csrc.nist.gov/pubs/ir/7695/final,HIGH,MEDIUM,"Do not claim equivalence to SSC windows, aggregation or scoring.",NOT_SUPPORTED
patching_cadence_low,Low Severity CVEs Patching Cadence,patching_cadence,info,TESTABLE_WITH_ENRICHMENT,Persist versioned product/CVE observations over time and calculate days from authoritative fix publication (or first confirmed observation) to first confirmed remediated observation.,"Asset/product/version, CVE, CVSS version/vector/band, vendor fix date, first-vulnerable seen, first-remediated seen, observation gaps and dataset revisions.",Compute an internal cadence metric for low-band vulnerabilities only when both vulnerability and remediation transitions are evidenced; report censored/unknown intervals explicitly.,LONGITUDINAL_FINGERPRINT+SBOM+CVE,"Historical observations, NVD/CPE and vendor advisories",NVD / vendor advisory / internal policy,https://nvd.nist.gov/; https://csrc.nist.gov/pubs/ir/7695/final,HIGH,MEDIUM,"Do not claim equivalence to SSC windows, aggregation or scoring.",NOT_SUPPORTED
patching_cadence_medium,Medium Severity CVEs Patching Cadence,patching_cadence,info,TESTABLE_WITH_ENRICHMENT,Persist versioned product/CVE observations over time and calculate days from authoritative fix publication (or first confirmed observation) to first confirmed remediated observation.,"Asset/product/version, CVE, CVSS version/vector/band, vendor fix date, first-vulnerable seen, first-remediated seen, observation gaps and dataset revisions.",Compute an internal cadence metric for medium-band vulnerabilities only when both vulnerability and remediation transitions are evidenced; report censored/unknown intervals explicitly.,LONGITUDINAL_FINGERPRINT+SBOM+CVE,"Historical observations, NVD/CPE and vendor advisories",NVD / vendor advisory / internal policy,https://nvd.nist.gov/; https://csrc.nist.gov/pubs/ir/7695/final,HIGH,MEDIUM,"Do not claim equivalence to SSC windows, aggregation or scoring.",NOT_SUPPORTED
patching_cadence_v3_critical,Critical-Severity CVSS v3.0 Vulnerability Patching Cadence,patching_cadence,low,TESTABLE_WITH_ENRICHMENT,Persist versioned product/CVE observations over time and calculate days from authoritative fix publication (or first confirmed observation) to first confirmed remediated observation.,"Asset/product/version, CVE, CVSS version/vector/band, vendor fix date, first-vulnerable seen, first-remediated seen, observation gaps and dataset revisions.",Compute an internal cadence metric for critical-band vulnerabilities only when both vulnerability and remediation transitions are evidenced; report censored/unknown intervals explicitly.,LONGITUDINAL_FINGERPRINT+SBOM+CVE,"Historical observations, NVD/CPE and vendor advisories",NVD / vendor advisory / internal policy,https://nvd.nist.gov/; https://csrc.nist.gov/pubs/ir/7695/final,HIGH,MEDIUM,"Do not claim equivalence to SSC windows, aggregation or scoring.",NOT_SUPPORTED
patching_cadence_v3_high,High-Severity CVSS v3.0 Vulnerability Patching Cadence,patching_cadence,info,TESTABLE_WITH_ENRICHMENT,Persist versioned product/CVE observations over time and calculate days from authoritative fix publication (or first confirmed observation) to first confirmed remediated observation.,"Asset/product/version, CVE, CVSS version/vector/band, vendor fix date, first-vulnerable seen, first-remediated seen, observation gaps and dataset revisions.",Compute an internal cadence metric for high-band vulnerabilities only when both vulnerability and remediation transitions are evidenced; report censored/unknown intervals explicitly.,LONGITUDINAL_FINGERPRINT+SBOM+CVE,"Historical observations, NVD/CPE and vendor advisories",NVD / vendor advisory / internal policy,https://nvd.nist.gov/; https://csrc.nist.gov/pubs/ir/7695/final,HIGH,MEDIUM,"Do not claim equivalence to SSC windows, aggregation or scoring.",NOT_SUPPORTED
patching_cadence_v3_low,Low-Severity CVSS v3.0 Vulnerability Patching Cadence,patching_cadence,info,TESTABLE_WITH_ENRICHMENT,Persist versioned product/CVE observations over time and calculate days from authoritative fix publication (or first confirmed observation) to first confirmed remediated observation.,"Asset/product/version, CVE, CVSS version/vector/band, vendor fix date, first-vulnerable seen, first-remediated seen, observation gaps and dataset revisions.",Compute an internal cadence metric for low-band vulnerabilities only when both vulnerability and remediation transitions are evidenced; report censored/unknown intervals explicitly.,LONGITUDINAL_FINGERPRINT+SBOM+CVE,"Historical observations, NVD/CPE and vendor advisories",NVD / vendor advisory / internal policy,https://nvd.nist.gov/; https://csrc.nist.gov/pubs/ir/7695/final,HIGH,MEDIUM,"Do not claim equivalence to SSC windows, aggregation or scoring.",NOT_SUPPORTED
patching_cadence_v3_medium,Medium-Severity CVSS v3.0 Vulnerability Patching Cadence,patching_cadence,info,TESTABLE_WITH_ENRICHMENT,Persist versioned product/CVE observations over time and calculate days from authoritative fix publication (or first confirmed observation) to first confirmed remediated observation.,"Asset/product/version, CVE, CVSS version/vector/band, vendor fix date, first-vulnerable seen, first-remediated seen, observation gaps and dataset revisions.",Compute an internal cadence metric for medium-band vulnerabilities only when both vulnerability and remediation transitions are evidenced; report censored/unknown intervals explicitly.,LONGITUDINAL_FINGERPRINT+SBOM+CVE,"Historical observations, NVD/CPE and vendor advisories",NVD / vendor advisory / internal policy,https://nvd.nist.gov/; https://csrc.nist.gov/pubs/ir/7695/final,HIGH,MEDIUM,"Do not claim equivalence to SSC windows, aggregation or scoring.",NOT_SUPPORTED
service_end_of_life,End-of-Life Product,patching_cadence,medium,TESTABLE_WITH_ENRICHMENT,Identify exact product/edition/version using authenticated inventory or high-confidence fingerprinting and compare it to versioned vendor lifecycle records.,"Product/version evidence, vendor lifecycle document/revision, end-of-life date, observation time and match confidence.",Finding when the confirmed installed version is past the vendor's published end-of-life date under internal lifecycle policy; unknown version is indeterminate.,FINGERPRINT+SBOM+LIFECYCLE,Vendor EOL/EOS documentation,Vendor documentation / internal lifecycle policy,Vendor lifecycle page for the identified product,HIGH,HIGH,A community EOL aggregator may assist discovery but vendor evidence should be authoritative.,NOT_SUPPORTED
service_end_of_service,End-of-Service Product,patching_cadence,medium,TESTABLE_WITH_ENRICHMENT,Identify exact product/edition/version using authenticated inventory or high-confidence fingerprinting and compare it to versioned vendor lifecycle records.,"Product/version evidence, vendor lifecycle document/revision, end-of-service date, observation time and match confidence.",Finding when the confirmed installed version is past the vendor's published end-of-service date under internal lifecycle policy; unknown version is indeterminate.,FINGERPRINT+SBOM+LIFECYCLE,Vendor EOL/EOS documentation,Vendor documentation / internal lifecycle policy,Vendor lifecycle page for the identified product,HIGH,HIGH,A community EOL aggregator may assist discovery but vendor evidence should be authoritative.,NOT_SUPPORTED
service_vuln_host_high,High-Severity Vulnerability in Last Observation,patching_cadence,medium,TESTABLE_WITH_ENRICHMENT,"Identify exact exposed service product/version and correlate to current vendor/NVD affected ranges, retaining the latest successful observation.","Endpoint, product/version/CPE, fingerprint confidence, CVE, CVSS version/vector/band, advisory revision and last-seen time.",Finding when the latest reliable observation confirms an affected version with published high-band classification; no exploit validation.,PROTOCOL_FINGERPRINT+SBOM+CVE,NVD/CPE and vendor advisories,NVD / vendor advisory,https://nvd.nist.gov/; https://csrc.nist.gov/pubs/ir/7695/final,HIGH,MEDIUM,CVSS source bands remain separate from internal severity and score impact.,PARTIAL
service_vuln_host_info,Vulnerability observed in most recent scan,patching_cadence,medium,TESTABLE_WITH_ENRICHMENT,"Identify exact exposed service product/version and correlate to current vendor/NVD affected ranges, retaining the latest successful observation.","Endpoint, product/version/CPE, fingerprint confidence, CVE, CVSS version/vector/band, advisory revision and last-seen time.",Finding when the latest reliable observation confirms an affected version with published info-band classification; no exploit validation.,PROTOCOL_FINGERPRINT+SBOM+CVE,NVD/CPE and vendor advisories,NVD / vendor advisory,https://nvd.nist.gov/; https://csrc.nist.gov/pubs/ir/7695/final,HIGH,MEDIUM,CVSS source bands remain separate from internal severity and score impact.,PARTIAL
service_vuln_host_low,Low-Severity Vulnerability in Last Observation,patching_cadence,medium,TESTABLE_WITH_ENRICHMENT,"Identify exact exposed service product/version and correlate to current vendor/NVD affected ranges, retaining the latest successful observation.","Endpoint, product/version/CPE, fingerprint confidence, CVE, CVSS version/vector/band, advisory revision and last-seen time.",Finding when the latest reliable observation confirms an affected version with published low-band classification; no exploit validation.,PROTOCOL_FINGERPRINT+SBOM+CVE,NVD/CPE and vendor advisories,NVD / vendor advisory,https://nvd.nist.gov/; https://csrc.nist.gov/pubs/ir/7695/final,HIGH,MEDIUM,CVSS source bands remain separate from internal severity and score impact.,PARTIAL
service_vuln_host_medium,Medium-Severity Vulnerability in Last Observation,patching_cadence,medium,TESTABLE_WITH_ENRICHMENT,"Identify exact exposed service product/version and correlate to current vendor/NVD affected ranges, retaining the latest successful observation.","Endpoint, product/version/CPE, fingerprint confidence, CVE, CVSS version/vector/band, advisory revision and last-seen time.",Finding when the latest reliable observation confirms an affected version with published medium-band classification; no exploit validation.,PROTOCOL_FINGERPRINT+SBOM+CVE,NVD/CPE and vendor advisories,NVD / vendor advisory,https://nvd.nist.gov/; https://csrc.nist.gov/pubs/ir/7695/final,HIGH,MEDIUM,CVSS source bands remain separate from internal severity and score impact.,PARTIAL
service_vuln_host_v3_critical,Critical-Severity CVSS v3.0 Service Vulnerability in Last Observation,patching_cadence,low,TESTABLE_WITH_ENRICHMENT,"Identify exact exposed service product/version and correlate to current vendor/NVD affected ranges, retaining the latest successful observation.","Endpoint, product/version/CPE, fingerprint confidence, CVE, CVSS version/vector/band, advisory revision and last-seen time.",Finding when the latest reliable observation confirms an affected version with published critical-band classification; no exploit validation.,PROTOCOL_FINGERPRINT+SBOM+CVE,NVD/CPE and vendor advisories,NVD / vendor advisory,https://nvd.nist.gov/; https://csrc.nist.gov/pubs/ir/7695/final,HIGH,MEDIUM,CVSS source bands remain separate from internal severity and score impact.,PARTIAL
service_vuln_host_v3_high,High-Severity CVSS v3.0 Service Vulnerability in Last Observation,patching_cadence,low,TESTABLE_WITH_ENRICHMENT,"Identify exact exposed service product/version and correlate to current vendor/NVD affected ranges, retaining the latest successful observation.","Endpoint, product/version/CPE, fingerprint confidence, CVE, CVSS version/vector/band, advisory revision and last-seen time.",Finding when the latest reliable observation confirms an affected version with published high-band classification; no exploit validation.,PROTOCOL_FINGERPRINT+SBOM+CVE,NVD/CPE and vendor advisories,NVD / vendor advisory,https://nvd.nist.gov/; https://csrc.nist.gov/pubs/ir/7695/final,HIGH,MEDIUM,CVSS source bands remain separate from internal severity and score impact.,PARTIAL
service_vuln_host_v3_low,Low-Severity CVSS v3.0 Service Vulnerability in Last Observation,patching_cadence,low,TESTABLE_WITH_ENRICHMENT,"Identify exact exposed service product/version and correlate to current vendor/NVD affected ranges, retaining the latest successful observation.","Endpoint, product/version/CPE, fingerprint confidence, CVE, CVSS version/vector/band, advisory revision and last-seen time.",Finding when the latest reliable observation confirms an affected version with published low-band classification; no exploit validation.,PROTOCOL_FINGERPRINT+SBOM+CVE,NVD/CPE and vendor advisories,NVD / vendor advisory,https://nvd.nist.gov/; https://csrc.nist.gov/pubs/ir/7695/final,HIGH,MEDIUM,CVSS source bands remain separate from internal severity and score impact.,PARTIAL
service_vuln_host_v3_medium,Medium-Severity CVSS v3.0 Service Vulnerability in Last Observation,patching_cadence,low,TESTABLE_WITH_ENRICHMENT,"Identify exact exposed service product/version and correlate to current vendor/NVD affected ranges, retaining the latest successful observation.","Endpoint, product/version/CPE, fingerprint confidence, CVE, CVSS version/vector/band, advisory revision and last-seen time.",Finding when the latest reliable observation confirms an affected version with published medium-band classification; no exploit validation.,PROTOCOL_FINGERPRINT+SBOM+CVE,NVD/CPE and vendor advisories,NVD / vendor advisory,https://nvd.nist.gov/; https://csrc.nist.gov/pubs/ir/7695/final,HIGH,MEDIUM,CVSS source bands remain separate from internal severity and score impact.,PARTIAL
typosquat,Possible Typosquat Domains Detected,social_engineering,info,EXTERNAL_DATA_REQUIRED,"Generate deterministic brand/domain variants, then query RDAP, DNS and Certificate Transparency and enrich with passive DNS/reputation evidence.","Candidate domain, generation rule, RDAP registration data, DNS answers, CT certificate IDs, first seen, similarity score and analyst disposition.",Finding only when a registered/observed candidate exceeds internal similarity/brand rules and has corroborating activity; human review required.,EXTERNAL_INTEL_INGEST,"RDAP, Certificate Transparency, passive DNS and optional domain-reputation feed",Reputable threat-intelligence source / internal telemetry,https://www.rfc-editor.org/rfc/rfc9082.html; https://www.rfc-editor.org/rfc/rfc9162.html,HIGH,MEDIUM,Typosquat assessment requires global registration/certificate datasets and brand context; never register or interact with candidate domains.,NOT_SUPPORTED
